period,year,month,carrier,technology,lines
2017.12,2017,12,합계,xDSL,934547
2017.12,2017,12,합계,LAN,8416622
2017.12,2017,12,합계,HFC,3853425
2017.12,2017,12,합계,FTTH,7671062
2017.12,2017,12,KT,xDSL,664831
2017.12,2017,12,KT,LAN,3208156
2017.12,2017,12,KT,HFC,0
2017.12,2017,12,KT,FTTH,4885438
2017.12,2017,12,SK브로드밴드,xDSL,104984
2017.12,2017,12,SK브로드밴드,LAN,994577
2017.12,2017,12,SK브로드밴드,HFC,449439
2017.12,2017,12,SK브로드밴드,FTTH,883431
2017.12,2017,12,SKT(재판매),xDSL,140732
2017.12,2017,12,SKT(재판매),LAN,1301788
2017.12,2017,12,SKT(재판매),HFC,414271
2017.12,2017,12,SKT(재판매),FTTH,829788
2017.12,2017,12,LG U+,xDSL,0
2017.12,2017,12,LG U+,LAN,1973668
2017.12,2017,12,LG U+,HFC,913056
2017.12,2017,12,LG U+,FTTH,928749
2017.12,2017,12,종합유선,xDSL,22947
2017.12,2017,12,종합유선,LAN,925475
2017.12,2017,12,종합유선,HFC,2073582
2017.12,2017,12,종합유선,FTTH,140579
2017.12,2017,12,기타,xDSL,1053
2017.12,2017,12,기타,LAN,12958
2017.12,2017,12,기타,HFC,3077
2017.12,2017,12,기타,FTTH,3077
2018.01,2018,1,합계,xDSL,919063
2018.01,2018,1,합계,LAN,8442495
2018.01,2018,1,합계,HFC,3840634
2018.01,2018,1,합계,FTTH,7724563
2018.01,2018,1,KT,xDSL,654258
2018.01,2018,1,KT,LAN,3214403
2018.01,2018,1,KT,HFC,0
2018.01,2018,1,KT,FTTH,4912538
2018.01,2018,1,SK브로드밴드,xDSL,102797
2018.01,2018,1,SK브로드밴드,LAN,997358
2018.01,2018,1,SK브로드밴드,HFC,441526
2018.01,2018,1,SK브로드밴드,FTTH,889845
2018.01,2018,1,SKT(재판매),xDSL,138326
2018.01,2018,1,SKT(재판매),LAN,1312782
2018.01,2018,1,SKT(재판매),HFC,409682
2018.01,2018,1,SKT(재판매),FTTH,839591
2018.01,2018,1,LG U+,xDSL,0
2018.01,2018,1,LG U+,LAN,1983069
2018.01,2018,1,LG U+,HFC,913631
2018.01,2018,1,LG U+,FTTH,937576
2018.01,2018,1,종합유선,xDSL,22629
2018.01,2018,1,종합유선,LAN,923254
2018.01,2018,1,종합유선,HFC,2072659
2018.01,2018,1,종합유선,FTTH,141887
2018.01,2018,1,기타,xDSL,1053
2018.01,2018,1,기타,LAN,11629
2018.01,2018,1,기타,HFC,3136
2018.01,2018,1,기타,FTTH,3126
2018.02,2018,2,합계,xDSL,874886
2018.02,2018,2,합계,LAN,8449232
2018.02,2018,2,합계,HFC,3825160
2018.02,2018,2,합계,FTTH,7745993
2018.02,2018,2,KT,xDSL,614766
2018.02,2018,2,KT,LAN,3197038
2018.02,2018,2,KT,HFC,0
2018.02,2018,2,KT,FTTH,4910159
2018.02,2018,2,SK브로드밴드,xDSL,100795
2018.02,2018,2,SK브로드밴드,LAN,1000522
2018.02,2018,2,SK브로드밴드,HFC,435589
2018.02,2018,2,SK브로드밴드,FTTH,894957
2018.02,2018,2,SKT(재판매),xDSL,135903
2018.02,2018,2,SKT(재판매),LAN,1321244
2018.02,2018,2,SKT(재판매),HFC,406293
2018.02,2018,2,SKT(재판매),FTTH,846615
2018.02,2018,2,LG U+,xDSL,0
2018.02,2018,2,LG U+,LAN,1991338
2018.02,2018,2,LG U+,HFC,914373
2018.02,2018,2,LG U+,FTTH,945969
2018.02,2018,2,종합유선,xDSL,22367
2018.02,2018,2,종합유선,LAN,927831
2018.02,2018,2,종합유선,HFC,2065758
2018.02,2018,2,종합유선,FTTH,145112
2018.02,2018,2,기타,xDSL,1055
2018.02,2018,2,기타,LAN,11259
2018.02,2018,2,기타,HFC,3147
2018.02,2018,2,기타,FTTH,3181
2018.03,2018,3,합계,xDSL,823455
2018.03,2018,3,합계,LAN,8468920
2018.03,2018,3,합계,HFC,3821845
2018.03,2018,3,합계,FTTH,7767270
2018.03,2018,3,KT,xDSL,569857
2018.03,2018,3,KT,LAN,3181187
2018.03,2018,3,KT,HFC,0
2018.03,2018,3,KT,FTTH,4901932
2018.03,2018,3,SK브로드밴드,xDSL,98189
2018.03,2018,3,SK브로드밴드,LAN,1004274
2018.03,2018,3,SK브로드밴드,HFC,428928
2018.03,2018,3,SK브로드밴드,FTTH,899883
2018.03,2018,3,SKT(재판매),xDSL,133195
2018.03,2018,3,SKT(재판매),LAN,1334760
2018.03,2018,3,SKT(재판매),HFC,404012
2018.03,2018,3,SKT(재판매),FTTH,856018
2018.03,2018,3,LG U+,xDSL,0
2018.03,2018,3,LG U+,LAN,2004210
2018.03,2018,3,LG U+,HFC,917371
2018.03,2018,3,LG U+,FTTH,959009
2018.03,2018,3,종합유선,xDSL,21175
2018.03,2018,3,종합유선,LAN,933392
2018.03,2018,3,종합유선,HFC,2068390
2018.03,2018,3,종합유선,FTTH,147377
2018.03,2018,3,기타,xDSL,1039
2018.03,2018,3,기타,LAN,11097
2018.03,2018,3,기타,HFC,3144
2018.03,2018,3,기타,FTTH,3051
2018.04,2018,4,합계,xDSL,804638
2018.04,2018,4,합계,LAN,8505304
2018.04,2018,4,합계,HFC,3804102
2018.04,2018,4,합계,FTTH,7808506
2018.04,2018,4,KT,xDSL,555550
2018.04,2018,4,KT,LAN,3186386
2018.04,2018,4,KT,HFC,0
2018.04,2018,4,KT,FTTH,4920185
2018.04,2018,4,SK브로드밴드,xDSL,95747
2018.04,2018,4,SK브로드밴드,LAN,1006955
2018.04,2018,4,SK브로드밴드,HFC,422310
2018.04,2018,4,SK브로드밴드,FTTH,902777
2018.04,2018,4,SKT(재판매),xDSL,130438
2018.04,2018,4,SKT(재판매),LAN,1345519
2018.04,2018,4,SKT(재판매),HFC,401661
2018.04,2018,4,SKT(재판매),FTTH,862695
2018.04,2018,4,LG U+,xDSL,0
2018.04,2018,4,LG U+,LAN,2013881
2018.04,2018,4,LG U+,HFC,918825
2018.04,2018,4,LG U+,FTTH,970722
2018.04,2018,4,종합유선,xDSL,21865
2018.04,2018,4,종합유선,LAN,941555
2018.04,2018,4,종합유선,HFC,2058204
2018.04,2018,4,종합유선,FTTH,149055
2018.04,2018,4,기타,xDSL,1038
2018.04,2018,4,기타,LAN,11008
2018.04,2018,4,기타,HFC,3102
2018.04,2018,4,기타,FTTH,3072
2018.05,2018,5,합계,xDSL,785272
2018.05,2018,5,합계,LAN,8535446
2018.05,2018,5,합계,HFC,3791050
2018.05,2018,5,합계,FTTH,7844548
2018.05,2018,5,KT,xDSL,540274
2018.05,2018,5,KT,LAN,3188588
2018.05,2018,5,KT,HFC,0
2018.05,2018,5,KT,FTTH,4934005
2018.05,2018,5,SK브로드밴드,xDSL,93800
2018.05,2018,5,SK브로드밴드,LAN,1010207
2018.05,2018,5,SK브로드밴드,HFC,415977
2018.05,2018,5,SK브로드밴드,FTTH,906259
2018.05,2018,5,SKT(재판매),xDSL,128555
2018.05,2018,5,SKT(재판매),LAN,1356479
2018.05,2018,5,SKT(재판매),HFC,400566
2018.05,2018,5,SKT(재판매),FTTH,869107
2018.05,2018,5,LG U+,xDSL,0
2018.05,2018,5,LG U+,LAN,2023054
2018.05,2018,5,LG U+,HFC,920252
2018.05,2018,5,LG U+,FTTH,981838
2018.05,2018,5,종합유선,xDSL,21608
2018.05,2018,5,종합유선,LAN,946455
2018.05,2018,5,종합유선,HFC,2051156
2018.05,2018,5,종합유선,FTTH,150263
2018.05,2018,5,기타,xDSL,1035
2018.05,2018,5,기타,LAN,10663
2018.05,2018,5,기타,HFC,3099
2018.05,2018,5,기타,FTTH,3076
2018.06,2018,6,합계,xDSL,767908
2018.06,2018,6,합계,LAN,8562625
2018.06,2018,6,합계,HFC,3778957
2018.06,2018,6,합계,FTTH,7873811
2018.06,2018,6,KT,xDSL,526797
2018.06,2018,6,KT,LAN,3188845
2018.06,2018,6,KT,HFC,0
2018.06,2018,6,KT,FTTH,4943541
2018.06,2018,6,SK브로드밴드,xDSL,92167
2018.06,2018,6,SK브로드밴드,LAN,1013719
2018.06,2018,6,SK브로드밴드,HFC,411127
2018.06,2018,6,SK브로드밴드,FTTH,908944
2018.06,2018,6,SKT(재판매),xDSL,126855
2018.06,2018,6,SKT(재판매),LAN,1366478
2018.06,2018,6,SKT(재판매),HFC,399706
2018.06,2018,6,SKT(재판매),FTTH,874492
2018.06,2018,6,LG U+,xDSL,0
2018.06,2018,6,LG U+,LAN,2032765
2018.06,2018,6,LG U+,HFC,921488
2018.06,2018,6,LG U+,FTTH,993337
2018.06,2018,6,종합유선,xDSL,21293
2018.06,2018,6,종합유선,LAN,950016
2018.06,2018,6,종합유선,HFC,2043518
2018.06,2018,6,종합유선,FTTH,150879
2018.06,2018,6,기타,xDSL,796
2018.06,2018,6,기타,LAN,10802
2018.06,2018,6,기타,HFC,3118
2018.06,2018,6,기타,FTTH,2618
2018.07,2018,7,합계,xDSL,754525
2018.07,2018,7,합계,LAN,8589350
2018.07,2018,7,합계,HFC,3761752
2018.07,2018,7,합계,FTTH,7909090
2018.07,2018,7,KT,xDSL,516905
2018.07,2018,7,KT,LAN,3192237
2018.07,2018,7,KT,HFC,0
2018.07,2018,7,KT,FTTH,4956752
2018.07,2018,7,SK브로드밴드,xDSL,90541
2018.07,2018,7,SK브로드밴드,LAN,1015805
2018.07,2018,7,SK브로드밴드,HFC,406577
2018.07,2018,7,SK브로드밴드,FTTH,911177
2018.07,2018,7,SKT(재판매),xDSL,125211
2018.07,2018,7,SKT(재판매),LAN,1376362
2018.07,2018,7,SKT(재판매),HFC,399336
2018.07,2018,7,SKT(재판매),FTTH,880530
2018.07,2018,7,LG U+,xDSL,0
2018.07,2018,7,LG U+,LAN,2042267
2018.07,2018,7,LG U+,HFC,923175
2018.07,2018,7,LG U+,FTTH,1005557
2018.07,2018,7,종합유선,xDSL,21063
2018.07,2018,7,종합유선,LAN,952180
2018.07,2018,7,종합유선,HFC,2029599
2018.07,2018,7,종합유선,FTTH,152463
2018.07,2018,7,기타,xDSL,805
2018.07,2018,7,기타,LAN,10499
2018.07,2018,7,기타,HFC,3065
2018.07,2018,7,기타,FTTH,2611
2018.08,2018,8,합계,xDSL,740145
2018.08,2018,8,합계,LAN,8616936
2018.08,2018,8,합계,HFC,3757552
2018.08,2018,8,합계,FTTH,7944387
2018.08,2018,8,KT,xDSL,506113
2018.08,2018,8,KT,LAN,3198670
2018.08,2018,8,KT,HFC,0
2018.08,2018,8,KT,FTTH,4972128
2018.08,2018,8,SK브로드밴드,xDSL,88845
2018.08,2018,8,SK브로드밴드,LAN,1019278
2018.08,2018,8,SK브로드밴드,HFC,400832
2018.08,2018,8,SK브로드밴드,FTTH,913923
2018.08,2018,8,SKT(재판매),xDSL,123620
2018.08,2018,8,SKT(재판매),LAN,1385585
2018.08,2018,8,SKT(재판매),HFC,398656
2018.08,2018,8,SKT(재판매),FTTH,886551
2018.08,2018,8,LG U+,xDSL,0
2018.08,2018,8,LG U+,LAN,2051841
2018.08,2018,8,LG U+,HFC,923783
2018.08,2018,8,LG U+,FTTH,1015315
2018.08,2018,8,종합유선,xDSL,20763
2018.08,2018,8,종합유선,LAN,951398
2018.08,2018,8,종합유선,HFC,2031246
2018.08,2018,8,종합유선,FTTH,153848
2018.08,2018,8,기타,xDSL,804
2018.08,2018,8,기타,LAN,10164
2018.08,2018,8,기타,HFC,3035
2018.08,2018,8,기타,FTTH,2622
2018.09,2018,9,합계,xDSL,729705
2018.09,2018,9,합계,LAN,8652671
2018.09,2018,9,합계,HFC,3734671
2018.09,2018,9,합계,FTTH,7988878
2018.09,2018,9,KT,xDSL,498879
2018.09,2018,9,KT,LAN,3207740
2018.09,2018,9,KT,HFC,0
2018.09,2018,9,KT,FTTH,4991194
2018.09,2018,9,SK브로드밴드,xDSL,87459
2018.09,2018,9,SK브로드밴드,LAN,1019648
2018.09,2018,9,SK브로드밴드,HFC,397713
2018.09,2018,9,SK브로드밴드,FTTH,922504
2018.09,2018,9,SKT(재판매),xDSL,122124
2018.09,2018,9,SKT(재판매),LAN,1396155
2018.09,2018,9,SKT(재판매),HFC,399368
2018.09,2018,9,SKT(재판매),FTTH,893506
2018.09,2018,9,LG U+,xDSL,0
2018.09,2018,9,LG U+,LAN,2061503
2018.09,2018,9,LG U+,HFC,924900
2018.09,2018,9,LG U+,FTTH,1024051
2018.09,2018,9,종합유선,xDSL,20657
2018.09,2018,9,종합유선,LAN,957256
2018.09,2018,9,종합유선,HFC,2009716
2018.09,2018,9,종합유선,FTTH,154784
2018.09,2018,9,기타,xDSL,586
2018.09,2018,9,기타,LAN,10369
2018.09,2018,9,기타,HFC,2974
2018.09,2018,9,기타,FTTH,2839
2018.10,2018,10,합계,xDSL,717865
2018.10,2018,10,합계,LAN,8642498
2018.10,2018,10,합계,HFC,3539729
2018.10,2018,10,합계,FTTH,8219947
2018.10,2018,10,KT,xDSL,490948
2018.10,2018,10,KT,LAN,3214636
2018.10,2018,10,KT,HFC,0
2018.10,2018,10,KT,FTTH,5008652
2018.10,2018,10,SK브로드밴드,xDSL,85810
2018.10,2018,10,SK브로드밴드,LAN,1020769
2018.10,2018,10,SK브로드밴드,HFC,393258
2018.10,2018,10,SK브로드밴드,FTTH,926613
2018.10,2018,10,SKT(재판매),xDSL,120333
2018.10,2018,10,SKT(재판매),LAN,1405604
2018.10,2018,10,SKT(재판매),HFC,398819
2018.10,2018,10,SKT(재판매),FTTH,899905
2018.10,2018,10,LG U+,xDSL,0
2018.10,2018,10,LG U+,LAN,2031083
2018.10,2018,10,LG U+,HFC,747583
2018.10,2018,10,LG U+,FTTH,1226852
2018.10,2018,10,종합유선,xDSL,20185
2018.10,2018,10,종합유선,LAN,960173
2018.10,2018,10,종합유선,HFC,1997109
2018.10,2018,10,종합유선,FTTH,155140
2018.10,2018,10,기타,xDSL,589
2018.10,2018,10,기타,LAN,10233
2018.10,2018,10,기타,HFC,2960
2018.10,2018,10,기타,FTTH,2785
2018.11,2018,11,합계,xDSL,706694
2018.11,2018,11,합계,LAN,8670624
2018.11,2018,11,합계,HFC,3515294
2018.11,2018,11,합계,FTTH,8265566
2018.11,2018,11,KT,xDSL,483328
2018.11,2018,11,KT,LAN,3216273
2018.11,2018,11,KT,HFC,0
2018.11,2018,11,KT,FTTH,5022891
2018.11,2018,11,SK브로드밴드,xDSL,84278
2018.11,2018,11,SK브로드밴드,LAN,1023263
2018.11,2018,11,SK브로드밴드,HFC,388451
2018.11,2018,11,SK브로드밴드,FTTH,930770
2018.11,2018,11,SKT(재판매),xDSL,118629
2018.11,2018,11,SKT(재판매),LAN,1416181
2018.11,2018,11,SKT(재판매),HFC,397774
2018.11,2018,11,SKT(재판매),FTTH,907068
2018.11,2018,11,LG U+,xDSL,0
2018.11,2018,11,LG U+,LAN,2041237
2018.11,2018,11,LG U+,HFC,740648
2018.11,2018,11,LG U+,FTTH,1245643
2018.11,2018,11,종합유선,xDSL,19876
2018.11,2018,11,종합유선,LAN,963366
2018.11,2018,11,종합유선,HFC,1985451
2018.11,2018,11,종합유선,FTTH,156395
2018.11,2018,11,기타,xDSL,583
2018.11,2018,11,기타,LAN,10304
2018.11,2018,11,기타,HFC,2970
2018.11,2018,11,기타,FTTH,2799
2018.12,2018,12,합계,xDSL,696779
2018.12,2018,12,합계,LAN,8673929
2018.12,2018,12,합계,HFC,3480803
2018.12,2018,12,합계,FTTH,8303197
2018.12,2018,12,KT,xDSL,477094
2018.12,2018,12,KT,LAN,3218835
2018.12,2018,12,KT,HFC,0
2018.12,2018,12,KT,FTTH,5033454
2018.12,2018,12,SK브로드밴드,xDSL,82647
2018.12,2018,12,SK브로드밴드,LAN,1025245
2018.12,2018,12,SK브로드밴드,HFC,380591
2018.12,2018,12,SK브로드밴드,FTTH,933907
2018.12,2018,12,SKT(재판매),xDSL,116885
2018.12,2018,12,SKT(재판매),LAN,1424756
2018.12,2018,12,SKT(재판매),HFC,395146
2018.12,2018,12,SKT(재판매),FTTH,914539
2018.12,2018,12,LG U+,xDSL,0
2018.12,2018,12,LG U+,LAN,2031510
2018.12,2018,12,LG U+,HFC,729630
2018.12,2018,12,LG U+,FTTH,1260435
2018.12,2018,12,종합유선,xDSL,19572
2018.12,2018,12,종합유선,LAN,963615
2018.12,2018,12,종합유선,HFC,1972475
2018.12,2018,12,종합유선,FTTH,158025
2018.12,2018,12,기타,xDSL,581
2018.12,2018,12,기타,LAN,9968
2018.12,2018,12,기타,HFC,2961
2018.12,2018,12,기타,FTTH,2837
2019.01,2019,1,합계,xDSL,686428
2019.01,2019,1,합계,LAN,8705231
2019.01,2019,1,합계,HFC,3448898
2019.01,2019,1,합계,FTTH,8357035
2019.01,2019,1,KT,xDSL,470347
2019.01,2019,1,KT,LAN,3224443
2019.01,2019,1,KT,HFC,0
2019.01,2019,1,KT,FTTH,5050322
2019.01,2019,1,SK브로드밴드,xDSL,81144
2019.01,2019,1,SK브로드밴드,LAN,1029373
2019.01,2019,1,SK브로드밴드,HFC,372637
2019.01,2019,1,SK브로드밴드,FTTH,940644
2019.01,2019,1,SKT(재판매),xDSL,115197
2019.01,2019,1,SKT(재판매),LAN,1434592
2019.01,2019,1,SKT(재판매),HFC,390148
2019.01,2019,1,SKT(재판매),FTTH,925631
2019.01,2019,1,LG U+,xDSL,0
2019.01,2019,1,LG U+,LAN,2042414
2019.01,2019,1,LG U+,HFC,721887
2019.01,2019,1,LG U+,FTTH,1280251
2019.01,2019,1,종합유선,xDSL,19282
2019.01,2019,1,종합유선,LAN,963161
2019.01,2019,1,종합유선,HFC,1961303
2019.01,2019,1,종합유선,FTTH,157137
2019.01,2019,1,기타,xDSL,458
2019.01,2019,1,기타,LAN,11248
2019.01,2019,1,기타,HFC,2923
2019.01,2019,1,기타,FTTH,3050
2019.02,2019,2,합계,xDSL,677865
2019.02,2019,2,합계,LAN,8744216
2019.02,2019,2,합계,HFC,3427079
2019.02,2019,2,합계,FTTH,8396327
2019.02,2019,2,KT,xDSL,464688
2019.02,2019,2,KT,LAN,3229067
2019.02,2019,2,KT,HFC,0
2019.02,2019,2,KT,FTTH,5062487
2019.02,2019,2,SK브로드밴드,xDSL,79886
2019.02,2019,2,SK브로드밴드,LAN,1036186
2019.02,2019,2,SK브로드밴드,HFC,366851
2019.02,2019,2,SK브로드밴드,FTTH,942635
2019.02,2019,2,SKT(재판매),xDSL,113734
2019.02,2019,2,SKT(재판매),LAN,1446589
2019.02,2019,2,SKT(재판매),HFC,386842
2019.02,2019,2,SKT(재판매),FTTH,930800
2019.02,2019,2,LG U+,xDSL,0
2019.02,2019,2,LG U+,LAN,2054500
2019.02,2019,2,LG U+,HFC,716514
2019.02,2019,2,LG U+,FTTH,1298817
2019.02,2019,2,종합유선,xDSL,19105
2019.02,2019,2,종합유선,LAN,966633
2019.02,2019,2,종합유선,HFC,1953954
2019.02,2019,2,종합유선,FTTH,158525
2019.02,2019,2,기타,xDSL,452
2019.02,2019,2,기타,LAN,11241
2019.02,2019,2,기타,HFC,2918
2019.02,2019,2,기타,FTTH,3063
2019.03,2019,3,합계,xDSL,668259
2019.03,2019,3,합계,LAN,8792256
2019.03,2019,3,합계,HFC,3400407
2019.03,2019,3,합계,FTTH,8456037
2019.03,2019,3,KT,xDSL,458134
2019.03,2019,3,KT,LAN,3240451
2019.03,2019,3,KT,HFC,0
2019.03,2019,3,KT,FTTH,5083250
2019.03,2019,3,SK브로드밴드,xDSL,78412
2019.03,2019,3,SK브로드밴드,LAN,1042700
2019.03,2019,3,SK브로드밴드,HFC,359414
2019.03,2019,3,SK브로드밴드,FTTH,947321
2019.03,2019,3,SKT(재판매),xDSL,112353
2019.03,2019,3,SKT(재판매),LAN,1460284
2019.03,2019,3,SKT(재판매),HFC,382567
2019.03,2019,3,SKT(재판매),FTTH,939858
2019.03,2019,3,LG U+,xDSL,0
2019.03,2019,3,LG U+,LAN,2065954
2019.03,2019,3,LG U+,HFC,708721
2019.03,2019,3,LG U+,FTTH,1322339
2019.03,2019,3,종합유선,xDSL,18916
2019.03,2019,3,종합유선,LAN,971667
2019.03,2019,3,종합유선,HFC,1946817
2019.03,2019,3,종합유선,FTTH,160200
2019.03,2019,3,기타,xDSL,444
2019.03,2019,3,기타,LAN,11200
2019.03,2019,3,기타,HFC,2888
2019.03,2019,3,기타,FTTH,3069
2019.04,2019,4,합계,xDSL,656190
2019.04,2019,4,합계,LAN,8842420
2019.04,2019,4,합계,HFC,3369214
2019.04,2019,4,합계,FTTH,8505957
2019.04,2019,4,KT,xDSL,448993
2019.04,2019,4,KT,LAN,3261366
2019.04,2019,4,KT,HFC,0
2019.04,2019,4,KT,FTTH,5097314
2019.04,2019,4,SK브로드밴드,xDSL,77044
2019.04,2019,4,SK브로드밴드,LAN,1046997
2019.04,2019,4,SK브로드밴드,HFC,351551
2019.04,2019,4,SK브로드밴드,FTTH,951704
2019.04,2019,4,SKT(재판매),xDSL,110997
2019.04,2019,4,SKT(재판매),LAN,1472123
2019.04,2019,4,SKT(재판매),HFC,378453
2019.04,2019,4,SKT(재판매),FTTH,947603
2019.04,2019,4,LG U+,xDSL,0
2019.04,2019,4,LG U+,LAN,2075076
2019.04,2019,4,LG U+,HFC,698140
2019.04,2019,4,LG U+,FTTH,1344735
2019.04,2019,4,종합유선,xDSL,18712
2019.04,2019,4,종합유선,LAN,975593
2019.04,2019,4,종합유선,HFC,1938384
2019.04,2019,4,종합유선,FTTH,161533
2019.04,2019,4,기타,xDSL,444
2019.04,2019,4,기타,LAN,11265
2019.04,2019,4,기타,HFC,2686
2019.04,2019,4,기타,FTTH,3068
2019.05,2019,5,합계,xDSL,647314
2019.05,2019,5,합계,LAN,8878319
2019.05,2019,5,합계,HFC,3348001
2019.05,2019,5,합계,FTTH,8556475
2019.05,2019,5,KT,xDSL,442522
2019.05,2019,5,KT,LAN,3267301
2019.05,2019,5,KT,HFC,0
2019.05,2019,5,KT,FTTH,5116515
2019.05,2019,5,SK브로드밴드,xDSL,75947
2019.05,2019,5,SK브로드밴드,LAN,1052150
2019.05,2019,5,SK브로드밴드,HFC,345826
2019.05,2019,5,SK브로드밴드,FTTH,958670
2019.05,2019,5,SKT(재판매),xDSL,109919
2019.05,2019,5,SKT(재판매),LAN,1483998
2019.05,2019,5,SKT(재판매),HFC,375674
2019.05,2019,5,SKT(재판매),FTTH,955234
2019.05,2019,5,LG U+,xDSL,0
2019.05,2019,5,LG U+,LAN,2085461
2019.05,2019,5,LG U+,HFC,688777
2019.05,2019,5,LG U+,FTTH,1366944
2019.05,2019,5,종합유선,xDSL,18483
2019.05,2019,5,종합유선,LAN,978027
2019.05,2019,5,종합유선,HFC,1935054
2019.05,2019,5,종합유선,FTTH,156043
2019.05,2019,5,기타,xDSL,443
2019.05,2019,5,기타,LAN,11382
2019.05,2019,5,기타,HFC,2670
2019.05,2019,5,기타,FTTH,3069
2019.06,2019,6,합계,xDSL,639790
2019.06,2019,6,합계,LAN,8902671
2019.06,2019,6,합계,HFC,3327903
2019.06,2019,6,합계,FTTH,8612252
2019.06,2019,6,KT,xDSL,437263
2019.06,2019,6,KT,LAN,3273898
2019.06,2019,6,KT,HFC,0
2019.06,2019,6,KT,FTTH,5138322
2019.06,2019,6,SK브로드밴드,xDSL,75067
2019.06,2019,6,SK브로드밴드,LAN,1054412
2019.06,2019,6,SK브로드밴드,HFC,340465
2019.06,2019,6,SK브로드밴드,FTTH,963218
2019.06,2019,6,SKT(재판매),xDSL,108947
2019.06,2019,6,SKT(재판매),LAN,1494776
2019.06,2019,6,SKT(재판매),HFC,373490
2019.06,2019,6,SKT(재판매),FTTH,963899
2019.06,2019,6,LG U+,xDSL,0
2019.06,2019,6,LG U+,LAN,2092841
2019.06,2019,6,LG U+,HFC,679218
2019.06,2019,6,LG U+,FTTH,1386982
2019.06,2019,6,종합유선,xDSL,18070
2019.06,2019,6,종합유선,LAN,975328
2019.06,2019,6,종합유선,HFC,1932050
2019.06,2019,6,종합유선,FTTH,156752
2019.06,2019,6,기타,xDSL,443
2019.06,2019,6,기타,LAN,11416
2019.06,2019,6,기타,HFC,2680
2019.06,2019,6,기타,FTTH,3079
2019.07,2019,7,합계,xDSL,631509
2019.07,2019,7,합계,LAN,8926149
2019.07,2019,7,합계,HFC,3293334
2019.07,2019,7,합계,FTTH,8674093
2019.07,2019,7,KT,xDSL,431517
2019.07,2019,7,KT,LAN,3279337
2019.07,2019,7,KT,HFC,0
2019.07,2019,7,KT,FTTH,5156867
2019.07,2019,7,SK브로드밴드,xDSL,73916
2019.07,2019,7,SK브로드밴드,LAN,1056007
2019.07,2019,7,SK브로드밴드,HFC,334701
2019.07,2019,7,SK브로드밴드,FTTH,966803
2019.07,2019,7,SKT(재판매),xDSL,107625
2019.07,2019,7,SKT(재판매),LAN,1506084
2019.07,2019,7,SKT(재판매),HFC,371236
2019.07,2019,7,SKT(재판매),FTTH,973532
2019.07,2019,7,LG U+,xDSL,0
2019.07,2019,7,LG U+,LAN,2100333
2019.07,2019,7,LG U+,HFC,669812
2019.07,2019,7,LG U+,FTTH,1407467
2019.07,2019,7,종합유선,xDSL,18013
2019.07,2019,7,종합유선,LAN,973025
2019.07,2019,7,종합유선,HFC,1914929
2019.07,2019,7,종합유선,FTTH,166336
2019.07,2019,7,기타,xDSL,438
2019.07,2019,7,기타,LAN,11363
2019.07,2019,7,기타,HFC,2656
2019.07,2019,7,기타,FTTH,3088
2019.08,2019,8,합계,xDSL,623645
2019.08,2019,8,합계,LAN,8957987
2019.08,2019,8,합계,HFC,3270327
2019.08,2019,8,합계,FTTH,8726779
2019.08,2019,8,KT,xDSL,426571
2019.08,2019,8,KT,LAN,3286995
2019.08,2019,8,KT,HFC,0
2019.08,2019,8,KT,FTTH,5174342
2019.08,2019,8,SK브로드밴드,xDSL,72778
2019.08,2019,8,SK브로드밴드,LAN,1058732
2019.08,2019,8,SK브로드밴드,HFC,329803
2019.08,2019,8,SK브로드밴드,FTTH,971133
2019.08,2019,8,SKT(재판매),xDSL,106308
2019.08,2019,8,SKT(재판매),LAN,1517420
2019.08,2019,8,SKT(재판매),HFC,369317
2019.08,2019,8,SKT(재판매),FTTH,982924
2019.08,2019,8,LG U+,xDSL,0
2019.08,2019,8,LG U+,LAN,2109895
2019.08,2019,8,LG U+,HFC,662808
2019.08,2019,8,LG U+,FTTH,1427451
2019.08,2019,8,종합유선,xDSL,17536
2019.08,2019,8,종합유선,LAN,973793
2019.08,2019,8,종합유선,HFC,1905767
2019.08,2019,8,종합유선,FTTH,167815
2019.08,2019,8,기타,xDSL,452
2019.08,2019,8,기타,LAN,11152
2019.08,2019,8,기타,HFC,2632
2019.08,2019,8,기타,FTTH,3114
2019.09,2019,9,합계,xDSL,616187
2019.09,2019,9,합계,LAN,8984867
2019.09,2019,9,합계,HFC,3252403
2019.09,2019,9,합계,FTTH,8767427
2019.09,2019,9,KT,xDSL,421548
2019.09,2019,9,KT,LAN,3293799
2019.09,2019,9,KT,HFC,0
2019.09,2019,9,KT,FTTH,5188576
2019.09,2019,9,SK브로드밴드,xDSL,71706
2019.09,2019,9,SK브로드밴드,LAN,1061610
2019.09,2019,9,SK브로드밴드,HFC,325543
2019.09,2019,9,SK브로드밴드,FTTH,974432
2019.09,2019,9,SKT(재판매),xDSL,105135
2019.09,2019,9,SKT(재판매),LAN,1526412
2019.09,2019,9,SKT(재판매),HFC,367801
2019.09,2019,9,SKT(재판매),FTTH,990005
2019.09,2019,9,LG U+,xDSL,0
2019.09,2019,9,LG U+,LAN,2118956
2019.09,2019,9,LG U+,HFC,657446
2019.09,2019,9,LG U+,FTTH,1442534
2019.09,2019,9,종합유선,xDSL,17348
2019.09,2019,9,종합유선,LAN,973205
2019.09,2019,9,종합유선,HFC,1898996
2019.09,2019,9,종합유선,FTTH,168771
2019.09,2019,9,기타,xDSL,450
2019.09,2019,9,기타,LAN,10885
2019.09,2019,9,기타,HFC,2617
2019.09,2019,9,기타,FTTH,3109
2019.10,2019,10,합계,xDSL,608768
2019.10,2019,10,합계,LAN,9011957
2019.10,2019,10,합계,HFC,3226374
2019.10,2019,10,합계,FTTH,8821584
2019.10,2019,10,KT,xDSL,416883
2019.10,2019,10,KT,LAN,3300953
2019.10,2019,10,KT,HFC,0
2019.10,2019,10,KT,FTTH,5207864
2019.10,2019,10,SK브로드밴드,xDSL,70639
2019.10,2019,10,SK브로드밴드,LAN,1065202
2019.10,2019,10,SK브로드밴드,HFC,320271
2019.10,2019,10,SK브로드밴드,FTTH,979244
2019.10,2019,10,SKT(재판매),xDSL,103957
2019.10,2019,10,SKT(재판매),LAN,1534907
2019.10,2019,10,SKT(재판매),HFC,364830
2019.10,2019,10,SKT(재판매),FTTH,997618
2019.10,2019,10,LG U+,xDSL,0
2019.10,2019,10,LG U+,LAN,2129504
2019.10,2019,10,LG U+,HFC,650692
2019.10,2019,10,LG U+,FTTH,1461763
2019.10,2019,10,종합유선,xDSL,16839
2019.10,2019,10,종합유선,LAN,970910
2019.10,2019,10,종합유선,HFC,1888003
2019.10,2019,10,종합유선,FTTH,171985
2019.10,2019,10,기타,xDSL,450
2019.10,2019,10,기타,LAN,10481
2019.10,2019,10,기타,HFC,2578
2019.10,2019,10,기타,FTTH,3110
2019.11,2019,11,합계,xDSL,602071
2019.11,2019,11,합계,LAN,9047539
2019.11,2019,11,합계,HFC,3200682
2019.11,2019,11,합계,FTTH,8876165
2019.11,2019,11,KT,xDSL,412363
2019.11,2019,11,KT,LAN,3309493
2019.11,2019,11,KT,HFC,0
2019.11,2019,11,KT,FTTH,5227658
2019.11,2019,11,SK브로드밴드,xDSL,69748
2019.11,2019,11,SK브로드밴드,LAN,1070528
2019.11,2019,11,SK브로드밴드,HFC,314733
2019.11,2019,11,SK브로드밴드,FTTH,983522
2019.11,2019,11,SKT(재판매),xDSL,102874
2019.11,2019,11,SKT(재판매),LAN,1546024
2019.11,2019,11,SKT(재판매),HFC,361176
2019.11,2019,11,SKT(재판매),FTTH,1004936
2019.11,2019,11,LG U+,xDSL,0
2019.11,2019,11,LG U+,LAN,2140257
2019.11,2019,11,LG U+,HFC,642530
2019.11,2019,11,LG U+,FTTH,1483609
2019.11,2019,11,종합유선,xDSL,16636
2019.11,2019,11,종합유선,LAN,970882
2019.11,2019,11,종합유선,HFC,1879499
2019.11,2019,11,종합유선,FTTH,173289
2019.11,2019,11,기타,xDSL,450
2019.11,2019,11,기타,LAN,10355
2019.11,2019,11,기타,HFC,2744
2019.11,2019,11,기타,FTTH,3151
2019.12,2019,12,합계,xDSL,594965
2019.12,2019,12,합계,LAN,9071902
2019.12,2019,12,합계,HFC,3172294
2019.12,2019,12,합계,FTTH,8922670
2019.12,2019,12,KT,xDSL,407474
2019.12,2019,12,KT,LAN,3314725
2019.12,2019,12,KT,HFC,0
2019.12,2019,12,KT,FTTH,5240191
2019.12,2019,12,SK브로드밴드,xDSL,68879
2019.12,2019,12,SK브로드밴드,LAN,1074447
2019.12,2019,12,SK브로드밴드,HFC,308557
2019.12,2019,12,SK브로드밴드,FTTH,989339
2019.12,2019,12,SKT(재판매),xDSL,101722
2019.12,2019,12,SKT(재판매),LAN,1555397
2019.12,2019,12,SKT(재판매),HFC,356747
2019.12,2019,12,SKT(재판매),FTTH,1013771
2019.12,2019,12,LG U+,xDSL,0
2019.12,2019,12,LG U+,LAN,2147439
2019.12,2019,12,LG U+,HFC,634889
2019.12,2019,12,LG U+,FTTH,1501586
2019.12,2019,12,종합유선,xDSL,16437
2019.12,2019,12,종합유선,LAN,969494
2019.12,2019,12,종합유선,HFC,1869442
2019.12,2019,12,종합유선,FTTH,174651
2019.12,2019,12,기타,xDSL,453
2019.12,2019,12,기타,LAN,10400
2019.12,2019,12,기타,HFC,2659
2019.12,2019,12,기타,FTTH,3132
2020.01,2020,1,합계,xDSL,580327
2020.01,2020,1,합계,LAN,9086638
2020.01,2020,1,합계,HFC,3147113
2020.01,2020,1,합계,FTTH,8950655
2020.01,2020,1,KT,xDSL,394875
2020.01,2020,1,KT,LAN,3309442
2020.01,2020,1,KT,HFC,0
2020.01,2020,1,KT,FTTH,5235493
2020.01,2020,1,SK브로드밴드,xDSL,68116
2020.01,2020,1,SK브로드밴드,LAN,1077633
2020.01,2020,1,SK브로드밴드,HFC,303070
2020.01,2020,1,SK브로드밴드,FTTH,994989
2020.01,2020,1,SKT(재판매),xDSL,100640
2020.01,2020,1,SKT(재판매),LAN,1562818
2020.01,2020,1,SKT(재판매),HFC,352568
2020.01,2020,1,SKT(재판매),FTTH,1022038
2020.01,2020,1,LG U+,xDSL,0
2020.01,2020,1,LG U+,LAN,2156088
2020.01,2020,1,LG U+,HFC,629057
2020.01,2020,1,LG U+,FTTH,1519298
2020.01,2020,1,종합유선,xDSL,16242
2020.01,2020,1,종합유선,LAN,970587
2020.01,2020,1,종합유선,HFC,1859846
2020.01,2020,1,종합유선,FTTH,175671
2020.01,2020,1,기타,xDSL,454
2020.01,2020,1,기타,LAN,10070
2020.01,2020,1,기타,HFC,2572
2020.01,2020,1,기타,FTTH,3166
2020.02,2020,2,합계,xDSL,571353
2020.02,2020,2,합계,LAN,9106419
2020.02,2020,2,합계,HFC,3120462
2020.02,2020,2,합계,FTTH,8989889
2020.02,2020,2,KT,xDSL,388363
2020.02,2020,2,KT,LAN,3309675
2020.02,2020,2,KT,HFC,0
2020.02,2020,2,KT,FTTH,5240833
2020.02,2020,2,SK브로드밴드,xDSL,67128
2020.02,2020,2,SK브로드밴드,LAN,1080087
2020.02,2020,2,SK브로드밴드,HFC,296904
2020.02,2020,2,SK브로드밴드,FTTH,1000886
2020.02,2020,2,SKT(재판매),xDSL,99363
2020.02,2020,2,SKT(재판매),LAN,1569798
2020.02,2020,2,SKT(재판매),HFC,347686
2020.02,2020,2,SKT(재판매),FTTH,1030665
2020.02,2020,2,LG U+,xDSL,0
2020.02,2020,2,LG U+,LAN,2164553
2020.02,2020,2,LG U+,HFC,622213
2020.02,2020,2,LG U+,FTTH,1536556
2020.02,2020,2,종합유선,xDSL,16050
2020.02,2020,2,종합유선,LAN,972740
2020.02,2020,2,종합유선,HFC,1851123
2020.02,2020,2,종합유선,FTTH,177798
2020.02,2020,2,기타,xDSL,449
2020.02,2020,2,기타,LAN,9566
2020.02,2020,2,기타,HFC,2536
2020.02,2020,2,기타,FTTH,3151
2020.03,2020,3,합계,xDSL,563294
2020.03,2020,3,합계,LAN,9155492
2020.03,2020,3,합계,HFC,3096047
2020.03,2020,3,합계,FTTH,9041724
2020.03,2020,3,KT,xDSL,382695
2020.03,2020,3,KT,LAN,3318664
2020.03,2020,3,KT,HFC,0
2020.03,2020,3,KT,FTTH,5261089
2020.03,2020,3,SK브로드밴드,xDSL,66263
2020.03,2020,3,SK브로드밴드,LAN,1090055
2020.03,2020,3,SK브로드밴드,HFC,291605
2020.03,2020,3,SK브로드밴드,FTTH,1004033
2020.03,2020,3,SKT(재판매),xDSL,98099
2020.03,2020,3,SKT(재판매),LAN,1584849
2020.03,2020,3,SKT(재판매),HFC,343729
2020.03,2020,3,SKT(재판매),FTTH,1033780
2020.03,2020,3,LG U+,xDSL,0
2020.03,2020,3,LG U+,LAN,2176442
2020.03,2020,3,LG U+,HFC,614791
2020.03,2020,3,LG U+,FTTH,1558663
2020.03,2020,3,종합유선,xDSL,15792
2020.03,2020,3,종합유선,LAN,975957
2020.03,2020,3,종합유선,HFC,1843462
2020.03,2020,3,종합유선,FTTH,181007
2020.03,2020,3,기타,xDSL,445
2020.03,2020,3,기타,LAN,9525
2020.03,2020,3,기타,HFC,2460
2020.03,2020,3,기타,FTTH,3152
2020.04,2020,4,합계,xDSL,555410
2020.04,2020,4,합계,LAN,9193782
2020.04,2020,4,합계,HFC,3071555
2020.04,2020,4,합계,FTTH,9091297
2020.04,2020,4,KT,xDSL,377404
2020.04,2020,4,KT,LAN,3324660
2020.04,2020,4,KT,HFC,0
2020.04,2020,4,KT,FTTH,5284760
2020.04,2020,4,SK브로드밴드,xDSL,65350
2020.04,2020,4,SK브로드밴드,LAN,1098809
2020.04,2020,4,SK브로드밴드,HFC,287404
2020.04,2020,4,SK브로드밴드,FTTH,1004367
2020.04,2020,4,SKT(재판매),xDSL,96796
2020.04,2020,4,SKT(재판매),LAN,1598101
2020.04,2020,4,SKT(재판매),HFC,340462
2020.04,2020,4,SKT(재판매),FTTH,1034853
2020.04,2020,4,LG U+,xDSL,0
2020.04,2020,4,LG U+,LAN,2187278
2020.04,2020,4,LG U+,HFC,608197
2020.04,2020,4,LG U+,FTTH,1579565
2020.04,2020,4,종합유선,xDSL,15428
2020.04,2020,4,종합유선,LAN,975447
2020.04,2020,4,종합유선,HFC,1833056
2020.04,2020,4,종합유선,FTTH,184591
2020.04,2020,4,기타,xDSL,432
2020.04,2020,4,기타,LAN,9487
2020.04,2020,4,기타,HFC,2436
2020.04,2020,4,기타,FTTH,3161
2020.05,2020,5,합계,xDSL,548457
2020.05,2020,5,합계,LAN,9223940
2020.05,2020,5,합계,HFC,3048024
2020.05,2020,5,합계,FTTH,9146283
2020.05,2020,5,KT,xDSL,372744
2020.05,2020,5,KT,LAN,3332186
2020.05,2020,5,KT,HFC,0
2020.05,2020,5,KT,FTTH,5309288
2020.05,2020,5,SK브로드밴드,xDSL,64559
2020.05,2020,5,SK브로드밴드,LAN,1313341
2020.05,2020,5,SK브로드밴드,HFC,910330
2020.05,2020,5,SK브로드밴드,FTTH,1025227
2020.05,2020,5,SKT(재판매),xDSL,95653
2020.05,2020,5,SKT(재판매),LAN,1605850
2020.05,2020,5,SKT(재판매),HFC,337735
2020.05,2020,5,SKT(재판매),FTTH,1041113
2020.05,2020,5,LG U+,xDSL,0
2020.05,2020,5,LG U+,LAN,2196707
2020.05,2020,5,LG U+,HFC,601521
2020.05,2020,5,LG U+,FTTH,1597197
2020.05,2020,5,종합유선,xDSL,15070
2020.05,2020,5,종합유선,LAN,766384
2020.05,2020,5,종합유선,HFC,1196008
2020.05,2020,5,종합유선,FTTH,170279
2020.05,2020,5,기타,xDSL,431
2020.05,2020,5,기타,LAN,9472
2020.05,2020,5,기타,HFC,2430
2020.05,2020,5,기타,FTTH,3179
2020.06,2020,6,합계,xDSL,542306
2020.06,2020,6,합계,LAN,9252738
2020.06,2020,6,합계,HFC,3021834
2020.06,2020,6,합계,FTTH,9203927
2020.06,2020,6,KT,xDSL,368767
2020.06,2020,6,KT,LAN,3338589
2020.06,2020,6,KT,HFC,0
2020.06,2020,6,KT,FTTH,5335779
2020.06,2020,6,SK브로드밴드,xDSL,63769
2020.06,2020,6,SK브로드밴드,LAN,1317458
2020.06,2020,6,SK브로드밴드,HFC,903299
2020.06,2020,6,SK브로드밴드,FTTH,1029543
2020.06,2020,6,SKT(재판매),xDSL,94550
2020.06,2020,6,SKT(재판매),LAN,1614662
2020.06,2020,6,SKT(재판매),HFC,334818
2020.06,2020,6,SKT(재판매),FTTH,1047224
2020.06,2020,6,LG U+,xDSL,0
2020.06,2020,6,LG U+,LAN,2203305
2020.06,2020,6,LG U+,HFC,593590
2020.06,2020,6,LG U+,FTTH,1615622
2020.06,2020,6,종합유선,xDSL,14791
2020.06,2020,6,종합유선,LAN,769296
2020.06,2020,6,종합유선,HFC,1187721
2020.06,2020,6,종합유선,FTTH,172577
2020.06,2020,6,기타,xDSL,429
2020.06,2020,6,기타,LAN,9428
2020.06,2020,6,기타,HFC,2406
2020.06,2020,6,기타,FTTH,3182
2020.07,2020,7,합계,xDSL,535752
2020.07,2020,7,합계,LAN,9276286
2020.07,2020,7,합계,HFC,2995897
2020.07,2020,7,합계,FTTH,9261244
2020.07,2020,7,KT,xDSL,364474
2020.07,2020,7,KT,LAN,3343744
2020.07,2020,7,KT,HFC,0
2020.07,2020,7,KT,FTTH,5360104
2020.07,2020,7,SK브로드밴드,xDSL,62963
2020.07,2020,7,SK브로드밴드,LAN,1320773
2020.07,2020,7,SK브로드밴드,HFC,895794
2020.07,2020,7,SK브로드밴드,FTTH,1034460
2020.07,2020,7,SKT(재판매),xDSL,93374
2020.07,2020,7,SKT(재판매),LAN,1622646
2020.07,2020,7,SKT(재판매),HFC,332894
2020.07,2020,7,SKT(재판매),FTTH,1053724
2020.07,2020,7,LG U+,xDSL,0
2020.07,2020,7,LG U+,LAN,2209793
2020.07,2020,7,LG U+,HFC,585106
2020.07,2020,7,LG U+,FTTH,1635022
2020.07,2020,7,종합유선,xDSL,14512
2020.07,2020,7,종합유선,LAN,769949
2020.07,2020,7,종합유선,HFC,1179731
2020.07,2020,7,종합유선,FTTH,174744
2020.07,2020,7,기타,xDSL,429
2020.07,2020,7,기타,LAN,9381
2020.07,2020,7,기타,HFC,2372
2020.07,2020,7,기타,FTTH,3190
2020.08,2020,8,합계,xDSL,530669
2020.08,2020,8,합계,LAN,9306854
2020.08,2020,8,합계,HFC,2972363
2020.08,2020,8,합계,FTTH,9319806
2020.08,2020,8,KT,xDSL,361245
2020.08,2020,8,KT,LAN,3352153
2020.08,2020,8,KT,HFC,0
2020.08,2020,8,KT,FTTH,5381575
2020.08,2020,8,SK브로드밴드,xDSL,62267
2020.08,2020,8,SK브로드밴드,LAN,1325429
2020.08,2020,8,SK브로드밴드,HFC,889280
2020.08,2020,8,SK브로드밴드,FTTH,1039585
2020.08,2020,8,SKT(재판매),xDSL,92454
2020.08,2020,8,SKT(재판매),LAN,1630312
2020.08,2020,8,SKT(재판매),HFC,331345
2020.08,2020,8,SKT(재판매),FTTH,1059514
2020.08,2020,8,LG U+,xDSL,0
2020.08,2020,8,LG U+,LAN,2218620
2020.08,2020,8,LG U+,HFC,579366
2020.08,2020,8,LG U+,FTTH,1653099
2020.08,2020,8,종합유선,xDSL,14276
2020.08,2020,8,종합유선,LAN,770954
2020.08,2020,8,종합유선,HFC,1170000
2020.08,2020,8,종합유선,FTTH,182865
2020.08,2020,8,기타,xDSL,427
2020.08,2020,8,기타,LAN,9386
2020.08,2020,8,기타,HFC,2372
2020.08,2020,8,기타,FTTH,3168
2020.09,2020,9,합계,xDSL,524842
2020.09,2020,9,합계,LAN,9340217
2020.09,2020,9,합계,HFC,2963034
2020.09,2020,9,합계,FTTH,9377011
2020.09,2020,9,KT,xDSL,357347
2020.09,2020,9,KT,LAN,3364035
2020.09,2020,9,KT,HFC,0
2020.09,2020,9,KT,FTTH,5408530
2020.09,2020,9,SK브로드밴드,xDSL,61671
2020.09,2020,9,SK브로드밴드,LAN,1331217
2020.09,2020,9,SK브로드밴드,HFC,882829
2020.09,2020,9,SK브로드밴드,FTTH,1046982
2020.09,2020,9,SKT(재판매),xDSL,91359
2020.09,2020,9,SKT(재판매),LAN,1637116
2020.09,2020,9,SKT(재판매),HFC,329185
2020.09,2020,9,SKT(재판매),FTTH,1064898
2020.09,2020,9,LG U+,xDSL,0
2020.09,2020,9,LG U+,LAN,2227962
2020.09,2020,9,LG U+,HFC,572976
2020.09,2020,9,LG U+,FTTH,1674689
2020.09,2020,9,종합유선,xDSL,14044
2020.09,2020,9,종합유선,LAN,770521
2020.09,2020,9,종합유선,HFC,1175719
2020.09,2020,9,종합유선,FTTH,178733
2020.09,2020,9,기타,xDSL,421
2020.09,2020,9,기타,LAN,9366
2020.09,2020,9,기타,HFC,2325
2020.09,2020,9,기타,FTTH,3179
2020.10,2020,10,합계,xDSL,519709
2020.10,2020,10,합계,LAN,9369130
2020.10,2020,10,합계,HFC,2940907
2020.10,2020,10,합계,FTTH,9435469
2020.10,2020,10,KT,xDSL,354044
2020.10,2020,10,KT,LAN,3374193
2020.10,2020,10,KT,HFC,0
2020.10,2020,10,KT,FTTH,5433814
2020.10,2020,10,SK브로드밴드,xDSL,61078
2020.10,2020,10,SK브로드밴드,LAN,1334549
2020.10,2020,10,SK브로드밴드,HFC,875927
2020.10,2020,10,SK브로드밴드,FTTH,1054126
2020.10,2020,10,SKT(재판매),xDSL,90362
2020.10,2020,10,SKT(재판매),LAN,1642963
2020.10,2020,10,SKT(재판매),HFC,327312
2020.10,2020,10,SKT(재판매),FTTH,1070124
2020.10,2020,10,LG U+,xDSL,0
2020.10,2020,10,LG U+,LAN,2234701
2020.10,2020,10,LG U+,HFC,565365
2020.10,2020,10,LG U+,FTTH,1693691
2020.10,2020,10,종합유선,xDSL,13806
2020.10,2020,10,종합유선,LAN,773386
2020.10,2020,10,종합유선,HFC,1170000
2020.10,2020,10,종합유선,FTTH,180542
2020.10,2020,10,기타,xDSL,419
2020.10,2020,10,기타,LAN,9338
2020.10,2020,10,기타,HFC,2303
2020.10,2020,10,기타,FTTH,3172
2020.11,2020,11,합계,xDSL,514155
2020.11,2020,11,합계,LAN,9394878
2020.11,2020,11,합계,HFC,2918283
2020.11,2020,11,합계,FTTH,9490105
2020.11,2020,11,KT,xDSL,350651
2020.11,2020,11,KT,LAN,3380045
2020.11,2020,11,KT,HFC,0
2020.11,2020,11,KT,FTTH,5455568
2020.11,2020,11,SK브로드밴드,xDSL,60472
2020.11,2020,11,SK브로드밴드,LAN,1338926
2020.11,2020,11,SK브로드밴드,HFC,869725
2020.11,2020,11,SK브로드밴드,FTTH,1060913
2020.11,2020,11,SKT(재판매),xDSL,89402
2020.11,2020,11,SKT(재판매),LAN,1649135
2020.11,2020,11,SKT(재판매),HFC,324532
2020.11,2020,11,SKT(재판매),FTTH,1075843
2020.11,2020,11,LG U+,xDSL,0
2020.11,2020,11,LG U+,LAN,2241435
2020.11,2020,11,LG U+,HFC,556805
2020.11,2020,11,LG U+,FTTH,1712462
2020.11,2020,11,종합유선,xDSL,13568
2020.11,2020,11,종합유선,LAN,776576
2020.11,2020,11,종합유선,HFC,1165556
2020.11,2020,11,종합유선,FTTH,182150
2020.11,2020,11,기타,xDSL,62
2020.11,2020,11,기타,LAN,8761
2020.11,2020,11,기타,HFC,1665
2020.11,2020,11,기타,FTTH,3169
2020.12,2020,12,합계,xDSL,508464
2020.12,2020,12,합계,LAN,9412750
2020.12,2020,12,합계,HFC,2895704
2020.12,2020,12,합계,FTTH,9510264
2020.12,2020,12,KT,xDSL,347236
2020.12,2020,12,KT,LAN,3382382
2020.12,2020,12,KT,HFC,0
2020.12,2020,12,KT,FTTH,5441780
2020.12,2020,12,SK브로드밴드,xDSL,59679
2020.12,2020,12,SK브로드밴드,LAN,1342090
2020.12,2020,12,SK브로드밴드,HFC,861856
2020.12,2020,12,SK브로드밴드,FTTH,1067761
2020.12,2020,12,SKT(재판매),xDSL,88089
2020.12,2020,12,SKT(재판매),LAN,1654020
2020.12,2020,12,SKT(재판매),HFC,321161
2020.12,2020,12,SKT(재판매),FTTH,1081274
2020.12,2020,12,LG U+,xDSL,0
2020.12,2020,12,LG U+,LAN,2247759
2020.12,2020,12,LG U+,HFC,549812
2020.12,2020,12,LG U+,FTTH,1731741
2020.12,2020,12,종합유선,xDSL,13398
2020.12,2020,12,종합유선,LAN,777713
2020.12,2020,12,종합유선,HFC,1161224
2020.12,2020,12,종합유선,FTTH,184529
2020.12,2020,12,기타,xDSL,62
2020.12,2020,12,기타,LAN,8786
2020.12,2020,12,기타,HFC,1651
2020.12,2020,12,기타,FTTH,3179
2021.01,2021,1,합계,xDSL,505486
2021.01,2021,1,합계,LAN,9447117
2021.01,2021,1,합계,HFC,2875111
2021.01,2021,1,합계,FTTH,9572866
2021.01,2021,1,KT,xDSL,344220
2021.01,2021,1,KT,LAN,3393454
2021.01,2021,1,KT,HFC,0
2021.01,2021,1,KT,FTTH,5470960
2021.01,2021,1,SK브로드밴드,xDSL,58958
2021.01,2021,1,SK브로드밴드,LAN,1344890
2021.01,2021,1,SK브로드밴드,HFC,854225
2021.01,2021,1,SK브로드밴드,FTTH,1073476
2021.01,2021,1,SKT(재판매),xDSL,87108
2021.01,2021,1,SKT(재판매),LAN,1660783
2021.01,2021,1,SKT(재판매),HFC,318677
2021.01,2021,1,SKT(재판매),FTTH,1088207
2021.01,2021,1,LG U+,xDSL,0
2021.01,2021,1,LG U+,LAN,2257369
2021.01,2021,1,LG U+,HFC,543852
2021.01,2021,1,LG U+,FTTH,1751158
2021.01,2021,1,종합유선,xDSL,15138
2021.01,2021,1,종합유선,LAN,781816
2021.01,2021,1,종합유선,HFC,1156722
2021.01,2021,1,종합유선,FTTH,185867
2021.01,2021,1,기타,xDSL,62
2021.01,2021,1,기타,LAN,8805
2021.01,2021,1,기타,HFC,1635
2021.01,2021,1,기타,FTTH,3198
2021.02,2021,2,합계,xDSL,498605
2021.02,2021,2,합계,LAN,9472016
2021.02,2021,2,합계,HFC,2857013
2021.02,2021,2,합계,FTTH,9633118
2021.02,2021,2,KT,xDSL,340952
2021.02,2021,2,KT,LAN,3402126
2021.02,2021,2,KT,HFC,0
2021.02,2021,2,KT,FTTH,5496294
2021.02,2021,2,SK브로드밴드,xDSL,58346
2021.02,2021,2,SK브로드밴드,LAN,1346745
2021.02,2021,2,SK브로드밴드,HFC,847302
2021.02,2021,2,SK브로드밴드,FTTH,1080167
2021.02,2021,2,SKT(재판매),xDSL,86197
2021.02,2021,2,SKT(재판매),LAN,1665722
2021.02,2021,2,SKT(재판매),HFC,315856
2021.02,2021,2,SKT(재판매),FTTH,1095496
2021.02,2021,2,LG U+,xDSL,0
2021.02,2021,2,LG U+,LAN,2265099
2021.02,2021,2,LG U+,HFC,536435
2021.02,2021,2,LG U+,FTTH,1770534
2021.02,2021,2,종합유선,xDSL,13049
2021.02,2021,2,종합유선,LAN,784423
2021.02,2021,2,종합유선,HFC,1155897
2021.02,2021,2,종합유선,FTTH,187628
2021.02,2021,2,기타,xDSL,61
2021.02,2021,2,기타,LAN,7901
2021.02,2021,2,기타,HFC,1523
2021.02,2021,2,기타,FTTH,2999
2021.03,2021,3,합계,xDSL,492954
2021.03,2021,3,합계,LAN,9501445
2021.03,2021,3,합계,HFC,2803549
2021.03,2021,3,합계,FTTH,9703380
2021.03,2021,3,KT,xDSL,337154
2021.03,2021,3,KT,LAN,3412410
2021.03,2021,3,KT,HFC,0
2021.03,2021,3,KT,FTTH,5526237
2021.03,2021,3,SK브로드밴드,xDSL,57690
2021.03,2021,3,SK브로드밴드,LAN,1350262
2021.03,2021,3,SK브로드밴드,HFC,839629
2021.03,2021,3,SK브로드밴드,FTTH,1087968
2021.03,2021,3,SKT(재판매),xDSL,85189
2021.03,2021,3,SKT(재판매),LAN,1671806
2021.03,2021,3,SKT(재판매),HFC,312687
2021.03,2021,3,SKT(재판매),FTTH,1102913
2021.03,2021,3,LG U+,xDSL,0
2021.03,2021,3,LG U+,LAN,2271557
2021.03,2021,3,LG U+,HFC,524975
2021.03,2021,3,LG U+,FTTH,1793600
2021.03,2021,3,종합유선,xDSL,12860
2021.03,2021,3,종합유선,LAN,787540
2021.03,2021,3,종합유선,HFC,1124738
2021.03,2021,3,종합유선,FTTH,189648
2021.03,2021,3,기타,xDSL,61
2021.03,2021,3,기타,LAN,7870
2021.03,2021,3,기타,HFC,1520
2021.03,2021,3,기타,FTTH,3014
2021.04,2021,4,합계,xDSL,487144
2021.04,2021,4,합계,LAN,9534163
2021.04,2021,4,합계,HFC,2776947
2021.04,2021,4,합계,FTTH,9764176
2021.04,2021,4,KT,xDSL,333262
2021.04,2021,4,KT,LAN,3421527
2021.04,2021,4,KT,HFC,0
2021.04,2021,4,KT,FTTH,5551764
2021.04,2021,4,SK브로드밴드,xDSL,57076
2021.04,2021,4,SK브로드밴드,LAN,1354611
2021.04,2021,4,SK브로드밴드,HFC,831265
2021.04,2021,4,SK브로드밴드,FTTH,1094246
2021.04,2021,4,SKT(재판매),xDSL,84022
2021.04,2021,4,SKT(재판매),LAN,1681021
2021.04,2021,4,SKT(재판매),HFC,308441
2021.04,2021,4,SKT(재판매),FTTH,1107439
2021.04,2021,4,LG U+,xDSL,0
2021.04,2021,4,LG U+,LAN,2277977
2021.04,2021,4,LG U+,HFC,513807
2021.04,2021,4,LG U+,FTTH,1816225
2021.04,2021,4,종합유선,xDSL,12723
2021.04,2021,4,종합유선,LAN,791153
2021.04,2021,4,종합유선,HFC,1121911
2021.04,2021,4,종합유선,FTTH,191473
2021.04,2021,4,기타,xDSL,61
2021.04,2021,4,기타,LAN,7874
2021.04,2021,4,기타,HFC,1523
2021.04,2021,4,기타,FTTH,3029
2021.05,2021,5,합계,xDSL,481967
2021.05,2021,5,합계,LAN,9565273
2021.05,2021,5,합계,HFC,2754892
2021.05,2021,5,합계,FTTH,9813626
2021.05,2021,5,KT,xDSL,329667
2021.05,2021,5,KT,LAN,3428218
2021.05,2021,5,KT,HFC,0
2021.05,2021,5,KT,FTTH,5574134
2021.05,2021,5,SK브로드밴드,xDSL,56581
2021.05,2021,5,SK브로드밴드,LAN,1361900
2021.05,2021,5,SK브로드밴드,HFC,823965
2021.05,2021,5,SK브로드밴드,FTTH,1099071
2021.05,2021,5,SKT(재판매),xDSL,83156
2021.05,2021,5,SKT(재판매),LAN,1691359
2021.05,2021,5,SKT(재판매),HFC,305257
2021.05,2021,5,SKT(재판매),FTTH,1109284
2021.05,2021,5,LG U+,xDSL,0
2021.05,2021,5,LG U+,LAN,2282668
2021.05,2021,5,LG U+,HFC,504443
2021.05,2021,5,LG U+,FTTH,1834520
2021.05,2021,5,종합유선,xDSL,12502
2021.05,2021,5,종합유선,LAN,793269
2021.05,2021,5,종합유선,HFC,1119692
2021.05,2021,5,종합유선,FTTH,193589
2021.05,2021,5,기타,xDSL,61
2021.05,2021,5,기타,LAN,7859
2021.05,2021,5,기타,HFC,1535
2021.05,2021,5,기타,FTTH,3028
2021.06,2021,6,합계,xDSL,477595
2021.06,2021,6,합계,LAN,9939996
2021.06,2021,6,합계,HFC,2729048
2021.06,2021,6,합계,FTTH,9523520
2021.06,2021,6,KT,xDSL,326186
2021.06,2021,6,KT,LAN,3434913
2021.06,2021,6,KT,HFC,0
2021.06,2021,6,KT,FTTH,5598105
2021.06,2021,6,SK브로드밴드,xDSL,56280
2021.06,2021,6,SK브로드밴드,LAN,1591184
2021.06,2021,6,SK브로드밴드,HFC,815360
2021.06,2021,6,SK브로드밴드,FTTH,879311
2021.06,2021,6,SKT(재판매),xDSL,82738
2021.06,2021,6,SKT(재판매),LAN,1823164
2021.06,2021,6,SKT(재판매),HFC,301939
2021.06,2021,6,SKT(재판매),FTTH,989100
2021.06,2021,6,LG U+,xDSL,0
2021.06,2021,6,LG U+,LAN,2287988
2021.06,2021,6,LG U+,HFC,490937
2021.06,2021,6,LG U+,FTTH,1858535
2021.06,2021,6,종합유선,xDSL,12330
2021.06,2021,6,종합유선,LAN,794880
2021.06,2021,6,종합유선,HFC,1119280
2021.06,2021,6,종합유선,FTTH,195435
2021.06,2021,6,기타,xDSL,61
2021.06,2021,6,기타,LAN,7867
2021.06,2021,6,기타,HFC,1532
2021.06,2021,6,기타,FTTH,3034
2021.07,2021,7,합계,xDSL,472888
2021.07,2021,7,합계,LAN,9963907
2021.07,2021,7,합계,HFC,2706967
2021.07,2021,7,합계,FTTH,9582766
2021.07,2021,7,KT,xDSL,323042
2021.07,2021,7,KT,LAN,3440297
2021.07,2021,7,KT,HFC,0
2021.07,2021,7,KT,FTTH,5620865
2021.07,2021,7,SK브로드밴드,xDSL,55738
2021.07,2021,7,SK브로드밴드,LAN,1595802
2021.07,2021,7,SK브로드밴드,HFC,809092
2021.07,2021,7,SK브로드밴드,FTTH,883351
2021.07,2021,7,SKT(재판매),xDSL,81838
2021.07,2021,7,SKT(재판매),LAN,1827593
2021.07,2021,7,SKT(재판매),HFC,300508
2021.07,2021,7,SKT(재판매),FTTH,994520
2021.07,2021,7,LG U+,xDSL,0
2021.07,2021,7,LG U+,LAN,2294953
2021.07,2021,7,LG U+,HFC,478007
2021.07,2021,7,LG U+,FTTH,1883489
2021.07,2021,7,종합유선,xDSL,12209
2021.07,2021,7,종합유선,LAN,797337
2021.07,2021,7,종합유선,HFC,1117812
2021.07,2021,7,종합유선,FTTH,197511
2021.07,2021,7,기타,xDSL,61
2021.07,2021,7,기타,LAN,7925
2021.07,2021,7,기타,HFC,1548
2021.07,2021,7,기타,FTTH,3030
2021.08,2021,8,합계,xDSL,468171
2021.08,2021,8,합계,LAN,9982899
2021.08,2021,8,합계,HFC,2690896
2021.08,2021,8,합계,FTTH,9633768
2021.08,2021,8,KT,xDSL,319686
2021.08,2021,8,KT,LAN,3444421
2021.08,2021,8,KT,HFC,0
2021.08,2021,8,KT,FTTH,5642309
2021.08,2021,8,SK브로드밴드,xDSL,55243
2021.08,2021,8,SK브로드밴드,LAN,1598820
2021.08,2021,8,SK브로드밴드,HFC,803820
2021.08,2021,8,SK브로드밴드,FTTH,886667
2021.08,2021,8,SKT(재판매),xDSL,81122
2021.08,2021,8,SKT(재판매),LAN,1831231
2021.08,2021,8,SKT(재판매),HFC,299291
2021.08,2021,8,SKT(재판매),FTTH,999179
2021.08,2021,8,LG U+,xDSL,0
2021.08,2021,8,LG U+,LAN,2301847
2021.08,2021,8,LG U+,HFC,468832
2021.08,2021,8,LG U+,FTTH,1903217
2021.08,2021,8,종합유선,xDSL,12059
2021.08,2021,8,종합유선,LAN,798563
2021.08,2021,8,종합유선,HFC,1117487
2021.08,2021,8,종합유선,FTTH,199369
2021.08,2021,8,기타,xDSL,61
2021.08,2021,8,기타,LAN,8017
2021.08,2021,8,기타,HFC,1466
2021.08,2021,8,기타,FTTH,3027
2021.09,2021,9,합계,xDSL,463600
2021.09,2021,9,합계,LAN,10000774
2021.09,2021,9,합계,HFC,2677575
2021.09,2021,9,합계,FTTH,9686416
2021.09,2021,9,KT,xDSL,316310
2021.09,2021,9,KT,LAN,3448563
2021.09,2021,9,KT,HFC,0
2021.09,2021,9,KT,FTTH,5667204
2021.09,2021,9,SK브로드밴드,xDSL,54788
2021.09,2021,9,SK브로드밴드,LAN,1600983
2021.09,2021,9,SK브로드밴드,HFC,799248
2021.09,2021,9,SK브로드밴드,FTTH,888839
2021.09,2021,9,SKT(재판매),xDSL,80470
2021.09,2021,9,SKT(재판매),LAN,1834303
2021.09,2021,9,SKT(재판매),HFC,298321
2021.09,2021,9,SKT(재판매),FTTH,1002893
2021.09,2021,9,LG U+,xDSL,0
2021.09,2021,9,LG U+,LAN,2308583
2021.09,2021,9,LG U+,HFC,460961
2021.09,2021,9,LG U+,FTTH,1923741
2021.09,2021,9,종합유선,xDSL,11971
2021.09,2021,9,종합유선,LAN,800345
2021.09,2021,9,종합유선,HFC,1117613
2021.09,2021,9,종합유선,FTTH,200711
2021.09,2021,9,기타,xDSL,61
2021.09,2021,9,기타,LAN,7997
2021.09,2021,9,기타,HFC,1432
2021.09,2021,9,기타,FTTH,3028
2021.10,2021,10,합계,xDSL,458442
2021.10,2021,10,합계,LAN,10020331
2021.10,2021,10,합계,HFC,2661649
2021.10,2021,10,합계,FTTH,9747303
2021.10,2021,10,KT,xDSL,312251
2021.10,2021,10,KT,LAN,3452881
2021.10,2021,10,KT,HFC,0
2021.10,2021,10,KT,FTTH,5697656
2021.10,2021,10,SK브로드밴드,xDSL,54435
2021.10,2021,10,SK브로드밴드,LAN,1604442
2021.10,2021,10,SK브로드밴드,HFC,794352
2021.10,2021,10,SK브로드밴드,FTTH,891631
2021.10,2021,10,SKT(재판매),xDSL,79817
2021.10,2021,10,SKT(재판매),LAN,1836784
2021.10,2021,10,SKT(재판매),HFC,297027
2021.10,2021,10,SKT(재판매),FTTH,1006640
2021.10,2021,10,LG U+,xDSL,0
2021.10,2021,10,LG U+,LAN,2315285
2021.10,2021,10,LG U+,HFC,452621
2021.10,2021,10,LG U+,FTTH,1946137
2021.10,2021,10,종합유선,xDSL,11878
2021.10,2021,10,종합유선,LAN,802943
2021.10,2021,10,종합유선,HFC,1116179
2021.10,2021,10,종합유선,FTTH,202199
2021.10,2021,10,기타,xDSL,61
2021.10,2021,10,기타,LAN,7996
2021.10,2021,10,기타,HFC,1470
2021.10,2021,10,기타,FTTH,3040
2021.11,2021,11,합계,xDSL,453119
2021.11,2021,11,합계,LAN,10031369
2021.11,2021,11,합계,HFC,2644851
2021.11,2021,11,합계,FTTH,9799434
2021.11,2021,11,KT,xDSL,308175
2021.11,2021,11,KT,LAN,3449356
2021.11,2021,11,KT,HFC,0
2021.11,2021,11,KT,FTTH,5715288
2021.11,2021,11,SK브로드밴드,xDSL,54009
2021.11,2021,11,SK브로드밴드,LAN,1608051
2021.11,2021,11,SK브로드밴드,HFC,789935
2021.11,2021,11,SK브로드밴드,FTTH,895549
2021.11,2021,11,SKT(재판매),xDSL,79205
2021.11,2021,11,SKT(재판매),LAN,1840113
2021.11,2021,11,SKT(재판매),HFC,295337
2021.11,2021,11,SKT(재판매),FTTH,1010634
2021.11,2021,11,LG U+,xDSL,0
2021.11,2021,11,LG U+,LAN,2321296
2021.11,2021,11,LG U+,HFC,442542
2021.11,2021,11,LG U+,FTTH,1971530
2021.11,2021,11,종합유선,xDSL,11669
2021.11,2021,11,종합유선,LAN,804485
2021.11,2021,11,종합유선,HFC,1115580
2021.11,2021,11,종합유선,FTTH,203400
2021.11,2021,11,기타,xDSL,61
2021.11,2021,11,기타,LAN,8068
2021.11,2021,11,기타,HFC,1457
2021.11,2021,11,기타,FTTH,3033
2021.12,2021,12,합계,xDSL,444685
2021.12,2021,12,합계,LAN,10036193
2021.12,2021,12,합계,HFC,2628593
2021.12,2021,12,합계,FTTH,9834797
2021.12,2021,12,KT,xDSL,301203
2021.12,2021,12,KT,LAN,3439508
2021.12,2021,12,KT,HFC,0
2021.12,2021,12,KT,FTTH,5714034
2021.12,2021,12,SK브로드밴드,xDSL,53518
2021.12,2021,12,SK브로드밴드,LAN,1611185
2021.12,2021,12,SK브로드밴드,HFC,785017
2021.12,2021,12,SK브로드밴드,FTTH,900418
2021.12,2021,12,SKT(재판매),xDSL,78333
2021.12,2021,12,SKT(재판매),LAN,1843094
2021.12,2021,12,SKT(재판매),HFC,293005
2021.12,2021,12,SKT(재판매),FTTH,1016128
2021.12,2021,12,LG U+,xDSL,0
2021.12,2021,12,LG U+,LAN,2327581
2021.12,2021,12,LG U+,HFC,432455
2021.12,2021,12,LG U+,FTTH,1998024
2021.12,2021,12,종합유선,xDSL,11571
2021.12,2021,12,종합유선,LAN,806704
2021.12,2021,12,종합유선,HFC,1116657
2021.12,2021,12,종합유선,FTTH,203177
2021.12,2021,12,기타,xDSL,60
2021.12,2021,12,기타,LAN,8121
2021.12,2021,12,기타,HFC,1459
2021.12,2021,12,기타,FTTH,3016
2022.01,2022,1,합계,xDSL,441190
2022.01,2022,1,합계,LAN,10049259
2022.01,2022,1,합계,HFC,2614529
2022.01,2022,1,합계,FTTH,9894169
2022.01,2022,1,KT,xDSL,298742
2022.01,2022,1,KT,LAN,3441813
2022.01,2022,1,KT,HFC,0
2022.01,2022,1,KT,FTTH,5740048
2022.01,2022,1,SK브로드밴드,xDSL,53149
2022.01,2022,1,SK브로드밴드,LAN,1611599
2022.01,2022,1,SK브로드밴드,HFC,778931
2022.01,2022,1,SK브로드밴드,FTTH,905715
2022.01,2022,1,SKT(재판매),xDSL,77763
2022.01,2022,1,SKT(재판매),LAN,1847457
2022.01,2022,1,SKT(재판매),HFC,289291
2022.01,2022,1,SKT(재판매),FTTH,1023309
2022.01,2022,1,LG U+,xDSL,0
2022.01,2022,1,LG U+,LAN,2336880
2022.01,2022,1,LG U+,HFC,427439
2022.01,2022,1,LG U+,FTTH,2017379
2022.01,2022,1,종합유선,xDSL,11476
2022.01,2022,1,종합유선,LAN,803357
2022.01,2022,1,종합유선,HFC,1117414
2022.01,2022,1,종합유선,FTTH,204636
2022.01,2022,1,기타,xDSL,60
2022.01,2022,1,기타,LAN,8153
2022.01,2022,1,기타,HFC,1454
2022.01,2022,1,기타,FTTH,3082
2022.02,2022,2,합계,xDSL,438018
2022.02,2022,2,합계,LAN,10066290
2022.02,2022,2,합계,HFC,2603293
2022.02,2022,2,합계,FTTH,9942837
2022.02,2022,2,KT,xDSL,296573
2022.02,2022,2,KT,LAN,3441956
2022.02,2022,2,KT,HFC,0
2022.02,2022,2,KT,FTTH,5762928
2022.02,2022,2,SK브로드밴드,xDSL,52786
2022.02,2022,2,SK브로드밴드,LAN,1615109
2022.02,2022,2,SK브로드밴드,HFC,774533
2022.02,2022,2,SK브로드밴드,FTTH,909753
2022.02,2022,2,SKT(재판매),xDSL,77234
2022.02,2022,2,SKT(재판매),LAN,1851781
2022.02,2022,2,SKT(재판매),HFC,286338
2022.02,2022,2,SKT(재판매),FTTH,1029313
2022.02,2022,2,LG U+,xDSL,0
2022.02,2022,2,LG U+,LAN,2343665
2022.02,2022,2,LG U+,HFC,423517
2022.02,2022,2,LG U+,FTTH,2031740
2022.02,2022,2,종합유선,xDSL,11365
2022.02,2022,2,종합유선,LAN,805620
2022.02,2022,2,종합유선,HFC,1117449
2022.02,2022,2,종합유선,FTTH,206084
2022.02,2022,2,기타,xDSL,60
2022.02,2022,2,기타,LAN,8159
2022.02,2022,2,기타,HFC,1456
2022.02,2022,2,기타,FTTH,3019
2022.03,2022,3,합계,xDSL,434376
2022.03,2022,3,합계,LAN,10084225
2022.03,2022,3,합계,HFC,2589522
2022.03,2022,3,합계,FTTH,10009328
2022.03,2022,3,KT,xDSL,293909
2022.03,2022,3,KT,LAN,3441437
2022.03,2022,3,KT,HFC,0
2022.03,2022,3,KT,FTTH,5795648
2022.03,2022,3,SK브로드밴드,xDSL,52429
2022.03,2022,3,SK브로드밴드,LAN,1620539
2022.03,2022,3,SK브로드밴드,HFC,768135
2022.03,2022,3,SK브로드밴드,FTTH,915300
2022.03,2022,3,SKT(재판매),xDSL,76718
2022.03,2022,3,SKT(재판매),LAN,1855817
2022.03,2022,3,SKT(재판매),HFC,283740
2022.03,2022,3,SKT(재판매),FTTH,1035506
2022.03,2022,3,LG U+,xDSL,0
2022.03,2022,3,LG U+,LAN,2350611
2022.03,2022,3,LG U+,HFC,419182
2022.03,2022,3,LG U+,FTTH,2052002
2022.03,2022,3,종합유선,xDSL,11260
2022.03,2022,3,종합유선,LAN,807624
2022.03,2022,3,종합유선,HFC,1117009
2022.03,2022,3,종합유선,FTTH,207856
2022.03,2022,3,기타,xDSL,60
2022.03,2022,3,기타,LAN,8197
2022.03,2022,3,기타,HFC,1456
2022.03,2022,3,기타,FTTH,3016
2022.04,2022,4,합계,xDSL,430319
2022.04,2022,4,합계,LAN,10064725
2022.04,2022,4,합계,HFC,2533320
2022.04,2022,4,합계,FTTH,10076482
2022.04,2022,4,KT,xDSL,290984
2022.04,2022,4,KT,LAN,3439856
2022.04,2022,4,KT,HFC,0
2022.04,2022,4,KT,FTTH,5827840
2022.04,2022,4,SK브로드밴드,xDSL,51998
2022.04,2022,4,SK브로드밴드,LAN,1625656
2022.04,2022,4,SK브로드밴드,HFC,759016
2022.04,2022,4,SK브로드밴드,FTTH,921323
2022.04,2022,4,SKT(재판매),xDSL,76168
2022.04,2022,4,SKT(재판매),LAN,1859437
2022.04,2022,4,SKT(재판매),HFC,280299
2022.04,2022,4,SKT(재판매),FTTH,1042793
2022.04,2022,4,LG U+,xDSL,0
2022.04,2022,4,LG U+,LAN,2354426
2022.04,2022,4,LG U+,HFC,414069
2022.04,2022,4,LG U+,FTTH,2071588
2022.04,2022,4,종합유선,xDSL,11109
2022.04,2022,4,종합유선,LAN,777116
2022.04,2022,4,종합유선,HFC,1078482
2022.04,2022,4,종합유선,FTTH,209926
2022.04,2022,4,기타,xDSL,60
2022.04,2022,4,기타,LAN,8234
2022.04,2022,4,기타,HFC,1454
2022.04,2022,4,기타,FTTH,3012
2022.05,2022,5,합계,xDSL,426866
2022.05,2022,5,합계,LAN,10092370
2022.05,2022,5,합계,HFC,2531285
2022.05,2022,5,합계,FTTH,10140200
2022.05,2022,5,KT,xDSL,288428
2022.05,2022,5,KT,LAN,3436887
2022.05,2022,5,KT,HFC,0
2022.05,2022,5,KT,FTTH,5859495
2022.05,2022,5,SK브로드밴드,xDSL,51678
2022.05,2022,5,SK브로드밴드,LAN,1630436
2022.05,2022,5,SK브로드밴드,HFC,750599
2022.05,2022,5,SK브로드밴드,FTTH,927577
2022.05,2022,5,SKT(재판매),xDSL,75666
2022.05,2022,5,SKT(재판매),LAN,1863363
2022.05,2022,5,SKT(재판매),HFC,277284
2022.05,2022,5,SKT(재판매),FTTH,1049525
2022.05,2022,5,LG U+,xDSL,0
2022.05,2022,5,LG U+,LAN,2354994
2022.05,2022,5,LG U+,HFC,408238
2022.05,2022,5,LG U+,FTTH,2088999
2022.05,2022,5,종합유선,xDSL,11035
2022.05,2022,5,종합유선,LAN,798458
2022.05,2022,5,종합유선,HFC,1093710
2022.05,2022,5,종합유선,FTTH,211586
2022.05,2022,5,기타,xDSL,59
2022.05,2022,5,기타,LAN,8232
2022.05,2022,5,기타,HFC,1454
2022.05,2022,5,기타,FTTH,3018
2022.06,2022,6,합계,xDSL,423337
2022.06,2022,6,합계,LAN,10112017
2022.06,2022,6,합계,HFC,2529841
2022.06,2022,6,합계,FTTH,10199025
2022.06,2022,6,KT,xDSL,285805
2022.06,2022,6,KT,LAN,3435329
2022.06,2022,6,KT,HFC,0
2022.06,2022,6,KT,FTTH,5888021
2022.06,2022,6,SK브로드밴드,xDSL,51393
2022.06,2022,6,SK브로드밴드,LAN,1635055
2022.06,2022,6,SK브로드밴드,HFC,741083
2022.06,2022,6,SK브로드밴드,FTTH,932736
2022.06,2022,6,SKT(재판매),xDSL,75153
2022.06,2022,6,SKT(재판매),LAN,1867307
2022.06,2022,6,SKT(재판매),HFC,274076
2022.06,2022,6,SKT(재판매),FTTH,1056168
2022.06,2022,6,LG U+,xDSL,0
2022.06,2022,6,LG U+,LAN,2354129
2022.06,2022,6,LG U+,HFC,401774
2022.06,2022,6,LG U+,FTTH,2105949
2022.06,2022,6,종합유선,xDSL,10927
2022.06,2022,6,종합유선,LAN,811954
2022.06,2022,6,종합유선,HFC,1111454
2022.06,2022,6,종합유선,FTTH,213138
2022.06,2022,6,기타,xDSL,59
2022.06,2022,6,기타,LAN,8243
2022.06,2022,6,기타,HFC,1454
2022.06,2022,6,기타,FTTH,3013
2022.07,2022,7,합계,xDSL,419690
2022.07,2022,7,합계,LAN,10125728
2022.07,2022,7,합계,HFC,2509599
2022.07,2022,7,합계,FTTH,10257907
2022.07,2022,7,KT,xDSL,283184
2022.07,2022,7,KT,LAN,3434166
2022.07,2022,7,KT,HFC,0
2022.07,2022,7,KT,FTTH,5913451
2022.07,2022,7,SK브로드밴드,xDSL,51012
2022.07,2022,7,SK브로드밴드,LAN,1641571
2022.07,2022,7,SK브로드밴드,HFC,733195
2022.07,2022,7,SK브로드밴드,FTTH,938143
2022.07,2022,7,SKT(재판매),xDSL,74605
2022.07,2022,7,SKT(재판매),LAN,1871603
2022.07,2022,7,SKT(재판매),HFC,272446
2022.07,2022,7,SKT(재판매),FTTH,1061904
2022.07,2022,7,LG U+,xDSL,0
2022.07,2022,7,LG U+,LAN,2356986
2022.07,2022,7,LG U+,HFC,394313
2022.07,2022,7,LG U+,FTTH,2127042
2022.07,2022,7,종합유선,xDSL,10830
2022.07,2022,7,종합유선,LAN,813142
2022.07,2022,7,종합유선,HFC,1108191
2022.07,2022,7,종합유선,FTTH,214343
2022.07,2022,7,기타,xDSL,59
2022.07,2022,7,기타,LAN,8260
2022.07,2022,7,기타,HFC,1454
2022.07,2022,7,기타,FTTH,3024
2022.08,2022,8,합계,xDSL,416122
2022.08,2022,8,합계,LAN,10140008
2022.08,2022,8,합계,HFC,2497279
2022.08,2022,8,합계,FTTH,10313712
2022.08,2022,8,KT,xDSL,280621
2022.08,2022,8,KT,LAN,3434761
2022.08,2022,8,KT,HFC,0
2022.08,2022,8,KT,FTTH,5938232
2022.08,2022,8,SK브로드밴드,xDSL,50666
2022.08,2022,8,SK브로드밴드,LAN,1647556
2022.08,2022,8,SK브로드밴드,HFC,725953
2022.08,2022,8,SK브로드밴드,FTTH,943641
2022.08,2022,8,SKT(재판매),xDSL,74059
2022.08,2022,8,SKT(재판매),LAN,1876229
2022.08,2022,8,SKT(재판매),HFC,270804
2022.08,2022,8,SKT(재판매),FTTH,1067777
2022.08,2022,8,LG U+,xDSL,0
2022.08,2022,8,LG U+,LAN,2359041
2022.08,2022,8,LG U+,HFC,388927
2022.08,2022,8,LG U+,FTTH,2145243
2022.08,2022,8,종합유선,xDSL,10718
2022.08,2022,8,종합유선,LAN,814144
2022.08,2022,8,종합유선,HFC,1110141
2022.08,2022,8,종합유선,FTTH,215791
2022.08,2022,8,기타,xDSL,58
2022.08,2022,8,기타,LAN,8277
2022.08,2022,8,기타,HFC,1454
2022.08,2022,8,기타,FTTH,3028
2022.09,2022,9,합계,xDSL,412860
2022.09,2022,9,합계,LAN,10155563
2022.09,2022,9,합계,HFC,2481357
2022.09,2022,9,합계,FTTH,10373663
2022.09,2022,9,KT,xDSL,278361
2022.09,2022,9,KT,LAN,3435734
2022.09,2022,9,KT,HFC,0
2022.09,2022,9,KT,FTTH,5964667
2022.09,2022,9,SK브로드밴드,xDSL,50330
2022.09,2022,9,SK브로드밴드,LAN,1653385
2022.09,2022,9,SK브로드밴드,HFC,719514
2022.09,2022,9,SK브로드밴드,FTTH,949809
2022.09,2022,9,SKT(재판매),xDSL,73477
2022.09,2022,9,SKT(재판매),LAN,1879985
2022.09,2022,9,SKT(재판매),HFC,269503
2022.09,2022,9,SKT(재판매),FTTH,1073289
2022.09,2022,9,LG U+,xDSL,0
2022.09,2022,9,LG U+,LAN,2362298
2022.09,2022,9,LG U+,HFC,381696
2022.09,2022,9,LG U+,FTTH,2165599
2022.09,2022,9,종합유선,xDSL,10634
2022.09,2022,9,종합유선,LAN,815856
2022.09,2022,9,종합유선,HFC,1109188
2022.09,2022,9,종합유선,FTTH,217250
2022.09,2022,9,기타,xDSL,58
2022.09,2022,9,기타,LAN,8305
2022.09,2022,9,기타,HFC,1456
2022.09,2022,9,기타,FTTH,3049
2022.10,2022,10,합계,xDSL,409769
2022.10,2022,10,합계,LAN,10172081
2022.10,2022,10,합계,HFC,2460138
2022.10,2022,10,합계,FTTH,10440907
2022.10,2022,10,KT,xDSL,276274
2022.10,2022,10,KT,LAN,3435646
2022.10,2022,10,KT,HFC,0
2022.10,2022,10,KT,FTTH,5991517
2022.10,2022,10,SK브로드밴드,xDSL,49968
2022.10,2022,10,SK브로드밴드,LAN,1660602
2022.10,2022,10,SK브로드밴드,HFC,712645
2022.10,2022,10,SK브로드밴드,FTTH,955925
2022.10,2022,10,SKT(재판매),xDSL,72899
2022.10,2022,10,SKT(재판매),LAN,1884372
2022.10,2022,10,SKT(재판매),HFC,268064
2022.10,2022,10,SKT(재판매),FTTH,1078260
2022.10,2022,10,LG U+,xDSL,0
2022.10,2022,10,LG U+,LAN,2365257
2022.10,2022,10,LG U+,HFC,370360
2022.10,2022,10,LG U+,FTTH,2193130
2022.10,2022,10,종합유선,xDSL,10570
2022.10,2022,10,종합유선,LAN,817907
2022.10,2022,10,종합유선,HFC,1107613
2022.10,2022,10,종합유선,FTTH,219044
2022.10,2022,10,기타,xDSL,58
2022.10,2022,10,기타,LAN,8297
2022.10,2022,10,기타,HFC,1456
2022.10,2022,10,기타,FTTH,3031
2022.11,2022,11,합계,xDSL,406298
2022.11,2022,11,합계,LAN,10181490
2022.11,2022,11,합계,HFC,2436685
2022.11,2022,11,합계,FTTH,10496201
2022.11,2022,11,KT,xDSL,273865
2022.11,2022,11,KT,LAN,3433232
2022.11,2022,11,KT,HFC,0
2022.11,2022,11,KT,FTTH,6011970
2022.11,2022,11,SK브로드밴드,xDSL,49594
2022.11,2022,11,SK브로드밴드,LAN,1666416
2022.11,2022,11,SK브로드밴드,HFC,705816
2022.11,2022,11,SK브로드밴드,FTTH,960996
2022.11,2022,11,SKT(재판매),xDSL,72395
2022.11,2022,11,SKT(재판매),LAN,1888742
2022.11,2022,11,SKT(재판매),HFC,266766
2022.11,2022,11,SKT(재판매),FTTH,1083610
2022.11,2022,11,LG U+,xDSL,0
2022.11,2022,11,LG U+,LAN,2365365
2022.11,2022,11,LG U+,HFC,357075
2022.11,2022,11,LG U+,FTTH,2215520
2022.11,2022,11,종합유선,xDSL,10386
2022.11,2022,11,종합유선,LAN,819460
2022.11,2022,11,종합유선,HFC,1105572
2022.11,2022,11,종합유선,FTTH,221063
2022.11,2022,11,기타,xDSL,58
2022.11,2022,11,기타,LAN,8275
2022.11,2022,11,기타,HFC,1456
2022.11,2022,11,기타,FTTH,3042
2022.12,2022,12,합계,xDSL,402791
2022.12,2022,12,합계,LAN,10179967
2022.12,2022,12,합계,HFC,2412531
2022.12,2022,12,합계,FTTH,10542044
2022.12,2022,12,KT,xDSL,271362
2022.12,2022,12,KT,LAN,3431307
2022.12,2022,12,KT,HFC,0
2022.12,2022,12,KT,FTTH,6023906
2022.12,2022,12,SK브로드밴드,xDSL,49204
2022.12,2022,12,SK브로드밴드,LAN,1671969
2022.12,2022,12,SK브로드밴드,HFC,698140
2022.12,2022,12,SK브로드밴드,FTTH,965692
2022.12,2022,12,SKT(재판매),xDSL,71881
2022.12,2022,12,SKT(재판매),LAN,1892733
2022.12,2022,12,SKT(재판매),HFC,265358
2022.12,2022,12,SKT(재판매),FTTH,1088834
2022.12,2022,12,LG U+,xDSL,0
2022.12,2022,12,LG U+,LAN,2355590
2022.12,2022,12,LG U+,HFC,343468
2022.12,2022,12,LG U+,FTTH,2237400
2022.12,2022,12,종합유선,xDSL,10287
2022.12,2022,12,종합유선,LAN,820013
2022.12,2022,12,종합유선,HFC,1104108
2022.12,2022,12,종합유선,FTTH,223176
2022.12,2022,12,기타,xDSL,57
2022.12,2022,12,기타,LAN,8355
2022.12,2022,12,기타,HFC,1457
2022.12,2022,12,기타,FTTH,3036
2023.01,2023,1,합계,xDSL,399801
2023.01,2023,1,합계,LAN,10193928
2023.01,2023,1,합계,HFC,2393805
2023.01,2023,1,합계,FTTH,10592392
2023.01,2023,1,KT,xDSL,269256
2023.01,2023,1,KT,LAN,3429461
2023.01,2023,1,KT,HFC,0
2023.01,2023,1,KT,FTTH,6038914
2023.01,2023,1,SK브로드밴드,xDSL,48921
2023.01,2023,1,SK브로드밴드,LAN,1677645
2023.01,2023,1,SK브로드밴드,HFC,691790
2023.01,2023,1,SK브로드밴드,FTTH,971945
2023.01,2023,1,SKT(재판매),xDSL,71351
2023.01,2023,1,SKT(재판매),LAN,1897271
2023.01,2023,1,SKT(재판매),HFC,263506
2023.01,2023,1,SKT(재판매),FTTH,1094952
2023.01,2023,1,LG U+,xDSL,0
2023.01,2023,1,LG U+,LAN,2360057
2023.01,2023,1,LG U+,HFC,334139
2023.01,2023,1,LG U+,FTTH,2258285
2023.01,2023,1,종합유선,xDSL,10215
2023.01,2023,1,종합유선,LAN,821114
2023.01,2023,1,종합유선,HFC,1102915
2023.01,2023,1,종합유선,FTTH,225233
2023.01,2023,1,기타,xDSL,58
2023.01,2023,1,기타,LAN,8380
2023.01,2023,1,기타,HFC,1455
2023.01,2023,1,기타,FTTH,3063
2023.02,2023,2,합계,xDSL,396083
2023.02,2023,2,합계,LAN,10211712
2023.02,2023,2,합계,HFC,2369567
2023.02,2023,2,합계,FTTH,10655381
2023.02,2023,2,KT,xDSL,266554
2023.02,2023,2,KT,LAN,3430276
2023.02,2023,2,KT,HFC,0
2023.02,2023,2,KT,FTTH,6059046
2023.02,2023,2,SK브로드밴드,xDSL,48600
2023.02,2023,2,SK브로드밴드,LAN,1685979
2023.02,2023,2,SK브로드밴드,HFC,684377
2023.02,2023,2,SK브로드밴드,FTTH,981891
2023.02,2023,2,SKT(재판매),xDSL,70759
2023.02,2023,2,SKT(재판매),LAN,1901818
2023.02,2023,2,SKT(재판매),HFC,259689
2023.02,2023,2,SKT(재판매),FTTH,1103722
2023.02,2023,2,LG U+,xDSL,0
2023.02,2023,2,LG U+,LAN,2361516
2023.02,2023,2,LG U+,HFC,323002
2023.02,2023,2,LG U+,FTTH,2280070
2023.02,2023,2,종합유선,xDSL,10113
2023.02,2023,2,종합유선,LAN,823738
2023.02,2023,2,종합유선,HFC,1101042
2023.02,2023,2,종합유선,FTTH,227598
2023.02,2023,2,기타,xDSL,57
2023.02,2023,2,기타,LAN,8385
2023.02,2023,2,기타,HFC,1457
2023.02,2023,2,기타,FTTH,3054
2023.03,2023,3,합계,xDSL,391298
2023.03,2023,3,합계,LAN,10230714
2023.03,2023,3,합계,HFC,2343250
2023.03,2023,3,합계,FTTH,10730849
2023.03,2023,3,KT,xDSL,262950
2023.03,2023,3,KT,LAN,3432186
2023.03,2023,3,KT,HFC,0
2023.03,2023,3,KT,FTTH,6078506
2023.03,2023,3,SK브로드밴드,xDSL,48241
2023.03,2023,3,SK브로드밴드,LAN,1693654
2023.03,2023,3,SK브로드밴드,HFC,676602
2023.03,2023,3,SK브로드밴드,FTTH,992303
2023.03,2023,3,SKT(재판매),xDSL,70072
2023.03,2023,3,SKT(재판매),LAN,1906811
2023.03,2023,3,SKT(재판매),HFC,256086
2023.03,2023,3,SKT(재판매),FTTH,1112779
2023.03,2023,3,LG U+,xDSL,0
2023.03,2023,3,LG U+,LAN,2363614
2023.03,2023,3,LG U+,HFC,311406
2023.03,2023,3,LG U+,FTTH,2313336
2023.03,2023,3,종합유선,xDSL,9978
2023.03,2023,3,종합유선,LAN,826087
2023.03,2023,3,종합유선,HFC,1097699
2023.03,2023,3,종합유선,FTTH,230863
2023.03,2023,3,기타,xDSL,57
2023.03,2023,3,기타,LAN,8362
2023.03,2023,3,기타,HFC,1457
2023.03,2023,3,기타,FTTH,3062
2023.04,2023,4,합계,xDSL,386920
2023.04,2023,4,합계,LAN,10251474
2023.04,2023,4,합계,HFC,2317588
2023.04,2023,4,합계,FTTH,10795225
2023.04,2023,4,KT,xDSL,259895
2023.04,2023,4,KT,LAN,3434063
2023.04,2023,4,KT,HFC,0
2023.04,2023,4,KT,FTTH,6093730
2023.04,2023,4,SK브로드밴드,xDSL,47791
2023.04,2023,4,SK브로드밴드,LAN,1701504
2023.04,2023,4,SK브로드밴드,HFC,669091
2023.04,2023,4,SK브로드밴드,FTTH,1001743
2023.04,2023,4,SKT(재판매),xDSL,69302
2023.04,2023,4,SKT(재판매),LAN,1911527
2023.04,2023,4,SKT(재판매),HFC,251927
2023.04,2023,4,SKT(재판매),FTTH,1121398
2023.04,2023,4,LG U+,xDSL,0
2023.04,2023,4,LG U+,LAN,2367301
2023.04,2023,4,LG U+,HFC,300728
2023.04,2023,4,LG U+,FTTH,2341899
2023.04,2023,4,종합유선,xDSL,9874
2023.04,2023,4,종합유선,LAN,828711
2023.04,2023,4,종합유선,HFC,1094387
2023.04,2023,4,종합유선,FTTH,233392
2023.04,2023,4,기타,xDSL,58
2023.04,2023,4,기타,LAN,8368
2023.04,2023,4,기타,HFC,1455
2023.04,2023,4,기타,FTTH,3063
2023.05,2023,5,합계,xDSL,383014
2023.05,2023,5,합계,LAN,10270123
2023.05,2023,5,합계,HFC,2294228
2023.05,2023,5,합계,FTTH,10850198
2023.05,2023,5,KT,xDSL,257209
2023.05,2023,5,KT,LAN,3434651
2023.05,2023,5,KT,HFC,0
2023.05,2023,5,KT,FTTH,6107357
2023.05,2023,5,SK브로드밴드,xDSL,47394
2023.05,2023,5,SK브로드밴드,LAN,1709517
2023.05,2023,5,SK브로드밴드,HFC,662734
2023.05,2023,5,SK브로드밴드,FTTH,1010821
2023.05,2023,5,SKT(재판매),xDSL,68591
2023.05,2023,5,SKT(재판매),LAN,1915250
2023.05,2023,5,SKT(재판매),HFC,248561
2023.05,2023,5,SKT(재판매),FTTH,1129477
2023.05,2023,5,LG U+,xDSL,0
2023.05,2023,5,LG U+,LAN,2371603
2023.05,2023,5,LG U+,HFC,290724
2023.05,2023,5,LG U+,FTTH,2363474
2023.05,2023,5,종합유선,xDSL,9762
2023.05,2023,5,종합유선,LAN,830742
2023.05,2023,5,종합유선,HFC,1090764
2023.05,2023,5,종합유선,FTTH,236010
2023.05,2023,5,기타,xDSL,58
2023.05,2023,5,기타,LAN,8360
2023.05,2023,5,기타,HFC,1445
2023.05,2023,5,기타,FTTH,3059
2023.06,2023,6,합계,xDSL,379410
2023.06,2023,6,합계,LAN,10290884
2023.06,2023,6,합계,HFC,2270090
2023.06,2023,6,합계,FTTH,10907294
2023.06,2023,6,KT,xDSL,254869
2023.06,2023,6,KT,LAN,3434997
2023.06,2023,6,KT,HFC,0
2023.06,2023,6,KT,FTTH,6122027
2023.06,2023,6,SK브로드밴드,xDSL,46988
2023.06,2023,6,SK브로드밴드,LAN,1717205
2023.06,2023,6,SK브로드밴드,HFC,656355
2023.06,2023,6,SK브로드밴드,FTTH,1019491
2023.06,2023,6,SKT(재판매),xDSL,67960
2023.06,2023,6,SKT(재판매),LAN,1919604
2023.06,2023,6,SKT(재판매),HFC,246078
2023.06,2023,6,SKT(재판매),FTTH,1136679
2023.06,2023,6,LG U+,xDSL,0
2023.06,2023,6,LG U+,LAN,2376945
2023.06,2023,6,LG U+,HFC,279232
2023.06,2023,6,LG U+,FTTH,2386653
2023.06,2023,6,종합유선,xDSL,9535
2023.06,2023,6,종합유선,LAN,833724
2023.06,2023,6,종합유선,HFC,1086941
2023.06,2023,6,종합유선,FTTH,239379
2023.06,2023,6,기타,xDSL,58
2023.06,2023,6,기타,LAN,8409
2023.06,2023,6,기타,HFC,1484
2023.06,2023,6,기타,FTTH,3065
2023.07,2023,7,합계,xDSL,375623
2023.07,2023,7,합계,LAN,10310814
2023.07,2023,7,합계,HFC,2249665
2023.07,2023,7,합계,FTTH,10959638
2023.07,2023,7,KT,xDSL,252430
2023.07,2023,7,KT,LAN,3433660
2023.07,2023,7,KT,HFC,0
2023.07,2023,7,KT,FTTH,6131259
2023.07,2023,7,SK브로드밴드,xDSL,46631
2023.07,2023,7,SK브로드밴드,LAN,1725200
2023.07,2023,7,SK브로드밴드,HFC,650233
2023.07,2023,7,SK브로드밴드,FTTH,1027135
2023.07,2023,7,SKT(재판매),xDSL,67250
2023.07,2023,7,SKT(재판매),LAN,1924306
2023.07,2023,7,SKT(재판매),HFC,244574
2023.07,2023,7,SKT(재판매),FTTH,1142920
2023.07,2023,7,LG U+,xDSL,0
2023.07,2023,7,LG U+,LAN,2383679
2023.07,2023,7,LG U+,HFC,270118
2023.07,2023,7,LG U+,FTTH,2413164
2023.07,2023,7,종합유선,xDSL,9254
2023.07,2023,7,종합유선,LAN,835584
2023.07,2023,7,종합유선,HFC,1083256
2023.07,2023,7,종합유선,FTTH,242060
2023.07,2023,7,기타,xDSL,58
2023.07,2023,7,기타,LAN,8385
2023.07,2023,7,기타,HFC,1484
2023.07,2023,7,기타,FTTH,3100
2023.08,2023,8,합계,xDSL,369620
2023.08,2023,8,합계,LAN,10325416
2023.08,2023,8,합계,HFC,2231166
2023.08,2023,8,합계,FTTH,10992157
2023.08,2023,8,KT,xDSL,247900
2023.08,2023,8,KT,LAN,3426575
2023.08,2023,8,KT,HFC,0
2023.08,2023,8,KT,FTTH,6124434
2023.08,2023,8,SK브로드밴드,xDSL,46154
2023.08,2023,8,SK브로드밴드,LAN,1732971
2023.08,2023,8,SK브로드밴드,HFC,644833
2023.08,2023,8,SK브로드밴드,FTTH,1034830
2023.08,2023,8,SKT(재판매),xDSL,66460
2023.08,2023,8,SKT(재판매),LAN,1929730
2023.08,2023,8,SKT(재판매),HFC,243357
2023.08,2023,8,SKT(재판매),FTTH,1149249
2023.08,2023,8,LG U+,xDSL,0
2023.08,2023,8,LG U+,LAN,2392013
2023.08,2023,8,LG U+,HFC,261937
2023.08,2023,8,LG U+,FTTH,2436611
2023.08,2023,8,종합유선,xDSL,9048
2023.08,2023,8,종합유선,LAN,835738
2023.08,2023,8,종합유선,HFC,1079555
2023.08,2023,8,종합유선,FTTH,243977
2023.08,2023,8,기타,xDSL,58
2023.08,2023,8,기타,LAN,8389
2023.08,2023,8,기타,HFC,1484
2023.08,2023,8,기타,FTTH,3056
2023.09,2023,9,합계,xDSL,366309
2023.09,2023,9,합계,LAN,10349971
2023.09,2023,9,합계,HFC,2214028
2023.09,2023,9,합계,FTTH,11047346
2023.09,2023,9,KT,xDSL,246058
2023.09,2023,9,KT,LAN,3426486
2023.09,2023,9,KT,HFC,0
2023.09,2023,9,KT,FTTH,6137731
2023.09,2023,9,SK브로드밴드,xDSL,45695
2023.09,2023,9,SK브로드밴드,LAN,1742509
2023.09,2023,9,SK브로드밴드,HFC,640378
2023.09,2023,9,SK브로드밴드,FTTH,1044900
2023.09,2023,9,SKT(재판매),xDSL,65708
2023.09,2023,9,SKT(재판매),LAN,1934486
2023.09,2023,9,SKT(재판매),HFC,242179
2023.09,2023,9,SKT(재판매),FTTH,1154864
2023.09,2023,9,LG U+,xDSL,0
2023.09,2023,9,LG U+,LAN,2399077
2023.09,2023,9,LG U+,HFC,253186
2023.09,2023,9,LG U+,FTTH,2459926
2023.09,2023,9,종합유선,xDSL,8838
2023.09,2023,9,종합유선,LAN,838999
2023.09,2023,9,종합유선,HFC,1076799
2023.09,2023,9,종합유선,FTTH,246872
2023.09,2023,9,기타,xDSL,10
2023.09,2023,9,기타,LAN,8414
2023.09,2023,9,기타,HFC,1486
2023.09,2023,9,기타,FTTH,3053
2023.10,2023,10,합계,xDSL,362931
2023.10,2023,10,합계,LAN,10368670
2023.10,2023,10,합계,HFC,2198873
2023.10,2023,10,합계,FTTH,11094936
2023.10,2023,10,KT,xDSL,244060
2023.10,2023,10,KT,LAN,3424167
2023.10,2023,10,KT,HFC,0
2023.10,2023,10,KT,FTTH,6148157
2023.10,2023,10,SK브로드밴드,xDSL,45174
2023.10,2023,10,SK브로드밴드,LAN,1748601
2023.10,2023,10,SK브로드밴드,HFC,636056
2023.10,2023,10,SK브로드밴드,FTTH,1053265
2023.10,2023,10,SKT(재판매),xDSL,65037
2023.10,2023,10,SKT(재판매),LAN,1939500
2023.10,2023,10,SKT(재판매),HFC,241017
2023.10,2023,10,SKT(재판매),FTTH,1161383
2023.10,2023,10,LG U+,xDSL,0
2023.10,2023,10,LG U+,LAN,2407226
2023.10,2023,10,LG U+,HFC,246743
2023.10,2023,10,LG U+,FTTH,2479014
2023.10,2023,10,종합유선,xDSL,8651
2023.10,2023,10,종합유선,LAN,840750
2023.10,2023,10,종합유선,HFC,1073569
2023.10,2023,10,종합유선,FTTH,250056
2023.10,2023,10,기타,xDSL,9
2023.10,2023,10,기타,LAN,8426
2023.10,2023,10,기타,HFC,1488
2023.10,2023,10,기타,FTTH,3061
2023.11,2023,11,합계,xDSL,359235
2023.11,2023,11,합계,LAN,10385063
2023.11,2023,11,합계,HFC,2179555
2023.11,2023,11,합계,FTTH,11143873
2023.11,2023,11,KT,xDSL,241866
2023.11,2023,11,KT,LAN,3422907
2023.11,2023,11,KT,HFC,0
2023.11,2023,11,KT,FTTH,6159209
2023.11,2023,11,SK브로드밴드,xDSL,44679
2023.11,2023,11,SK브로드밴드,LAN,1755158
2023.11,2023,11,SK브로드밴드,HFC,630597
2023.11,2023,11,SK브로드밴드,FTTH,1062367
2023.11,2023,11,SKT(재판매),xDSL,64239
2023.11,2023,11,SKT(재판매),LAN,1944601
2023.11,2023,11,SKT(재판매),HFC,239712
2023.11,2023,11,SKT(재판매),FTTH,1168060
2023.11,2023,11,LG U+,xDSL,0
2023.11,2023,11,LG U+,LAN,2411544
2023.11,2023,11,LG U+,HFC,238796
2023.11,2023,11,LG U+,FTTH,2498455
2023.11,2023,11,종합유선,xDSL,8443
2023.11,2023,11,종합유선,LAN,842409
2023.11,2023,11,종합유선,HFC,1068962
2023.11,2023,11,종합유선,FTTH,252676
2023.11,2023,11,기타,xDSL,8
2023.11,2023,11,기타,LAN,8444
2023.11,2023,11,기타,HFC,1488
2023.11,2023,11,기타,FTTH,3106
2023.12,2023,12,합계,xDSL,355364
2023.12,2023,12,합계,LAN,10398987
2023.12,2023,12,합계,HFC,2160343
2023.12,2023,12,합계,FTTH,11183470
2023.12,2023,12,KT,xDSL,239474
2023.12,2023,12,KT,LAN,3422757
2023.12,2023,12,KT,HFC,0
2023.12,2023,12,KT,FTTH,6164849
2023.12,2023,12,SK브로드밴드,xDSL,44268
2023.12,2023,12,SK브로드밴드,LAN,1762035
2023.12,2023,12,SK브로드밴드,HFC,625428
2023.12,2023,12,SK브로드밴드,FTTH,1069729
2023.12,2023,12,SKT(재판매),xDSL,63508
2023.12,2023,12,SKT(재판매),LAN,1948742
2023.12,2023,12,SKT(재판매),HFC,238397
2023.12,2023,12,SKT(재판매),FTTH,1173691
2023.12,2023,12,LG U+,xDSL,0
2023.12,2023,12,LG U+,LAN,2413999
2023.12,2023,12,LG U+,HFC,230846
2023.12,2023,12,LG U+,FTTH,2516329
2023.12,2023,12,종합유선,xDSL,8106
2023.12,2023,12,종합유선,LAN,842866
2023.12,2023,12,종합유선,HFC,1064184
2023.12,2023,12,종합유선,FTTH,255669
2023.12,2023,12,기타,xDSL,8
2023.12,2023,12,기타,LAN,8588
2023.12,2023,12,기타,HFC,1488
2023.12,2023,12,기타,FTTH,3203
2024.01,2024,1,합계,xDSL,351561
2024.01,2024,1,합계,LAN,10391309
2024.01,2024,1,합계,HFC,2142211
2024.01,2024,1,합계,FTTH,11253997
2024.01,2024,1,KT,xDSL,237119
2024.01,2024,1,KT,LAN,3423127
2024.01,2024,1,KT,HFC,0
2024.01,2024,1,KT,FTTH,6174380
2024.01,2024,1,SK브로드밴드,xDSL,43860
2024.01,2024,1,SK브로드밴드,LAN,1770566
2024.01,2024,1,SK브로드밴드,HFC,619797
2024.01,2024,1,SK브로드밴드,FTTH,1078184
2024.01,2024,1,SKT(재판매),xDSL,62715
2024.01,2024,1,SKT(재판매),LAN,1953981
2024.01,2024,1,SKT(재판매),HFC,236383
2024.01,2024,1,SKT(재판매),FTTH,1180828
2024.01,2024,1,LG U+,xDSL,0
2024.01,2024,1,LG U+,LAN,2417092
2024.01,2024,1,LG U+,HFC,224955
2024.01,2024,1,LG U+,FTTH,2531663
2024.01,2024,1,종합유선,xDSL,7859
2024.01,2024,1,종합유선,LAN,817905
2024.01,2024,1,종합유선,HFC,1059628
2024.01,2024,1,종합유선,FTTH,285719
2024.01,2024,1,기타,xDSL,8
2024.01,2024,1,기타,LAN,8638
2024.01,2024,1,기타,HFC,1448
2024.01,2024,1,기타,FTTH,3223
2024.02,2024,2,합계,xDSL,348801
2024.02,2024,2,합계,LAN,10386284
2024.02,2024,2,합계,HFC,2122203
2024.02,2024,2,합계,FTTH,11334827
2024.02,2024,2,KT,xDSL,235222
2024.02,2024,2,KT,LAN,3424725
2024.02,2024,2,KT,HFC,0
2024.02,2024,2,KT,FTTH,6183225
2024.02,2024,2,SK브로드밴드,xDSL,43826
2024.02,2024,2,SK브로드밴드,LAN,1778432
2024.02,2024,2,SK브로드밴드,HFC,614868
2024.02,2024,2,SK브로드밴드,FTTH,1087116
2024.02,2024,2,SKT(재판매),xDSL,62204
2024.02,2024,2,SKT(재판매),LAN,1958591
2024.02,2024,2,SKT(재판매),HFC,233947
2024.02,2024,2,SKT(재판매),FTTH,1188116
2024.02,2024,2,LG U+,xDSL,0
2024.02,2024,2,LG U+,LAN,2426652
2024.02,2024,2,LG U+,HFC,217081
2024.02,2024,2,LG U+,FTTH,2553896
2024.02,2024,2,종합유선,xDSL,7541
2024.02,2024,2,종합유선,LAN,789229
2024.02,2024,2,종합유선,HFC,1054865
2024.02,2024,2,종합유선,FTTH,319232
2024.02,2024,2,기타,xDSL,8
2024.02,2024,2,기타,LAN,8655
2024.02,2024,2,기타,HFC,1442
2024.02,2024,2,기타,FTTH,3242
2024.03,2024,3,합계,xDSL,345992
2024.03,2024,3,합계,LAN,10415459
2024.03,2024,3,합계,HFC,2103891
2024.03,2024,3,합계,FTTH,11389318
2024.03,2024,3,KT,xDSL,233033
2024.03,2024,3,KT,LAN,3429580
2024.03,2024,3,KT,HFC,0
2024.03,2024,3,KT,FTTH,6199126
2024.03,2024,3,SK브로드밴드,xDSL,44026
2024.03,2024,3,SK브로드밴드,LAN,1786899
2024.03,2024,3,SK브로드밴드,HFC,609774
2024.03,2024,3,SK브로드밴드,FTTH,1096443
2024.03,2024,3,SKT(재판매),xDSL,61635
2024.03,2024,3,SKT(재판매),LAN,1964174
2024.03,2024,3,SKT(재판매),HFC,231371
2024.03,2024,3,SKT(재판매),FTTH,1195745
2024.03,2024,3,LG U+,xDSL,0
2024.03,2024,3,LG U+,LAN,2434348
2024.03,2024,3,LG U+,HFC,210954
2024.03,2024,3,LG U+,FTTH,2572897
2024.03,2024,3,종합유선,xDSL,7290
2024.03,2024,3,종합유선,LAN,791768
2024.03,2024,3,종합유선,HFC,1050361
2024.03,2024,3,종합유선,FTTH,321874
2024.03,2024,3,기타,xDSL,8
2024.03,2024,3,기타,LAN,8690
2024.03,2024,3,기타,HFC,1431
2024.03,2024,3,기타,FTTH,3233
2024.04,2024,4,합계,xDSL,342530
2024.04,2024,4,합계,LAN,10439337
2024.04,2024,4,합계,HFC,2097461
2024.04,2024,4,합계,FTTH,11439048
2024.04,2024,4,KT,xDSL,230163
2024.04,2024,4,KT,LAN,3432173
2024.04,2024,4,KT,HFC,0
2024.04,2024,4,KT,FTTH,6210905
2024.04,2024,4,SK브로드밴드,xDSL,44254
2024.04,2024,4,SK브로드밴드,LAN,1794607
2024.04,2024,4,SK브로드밴드,HFC,604171
2024.04,2024,4,SK브로드밴드,FTTH,1104535
2024.04,2024,4,SKT(재판매),xDSL,61103
2024.04,2024,4,SKT(재판매),LAN,1969906
2024.04,2024,4,SKT(재판매),HFC,228376
2024.04,2024,4,SKT(재판매),FTTH,1203355
2024.04,2024,4,LG U+,xDSL,0
2024.04,2024,4,LG U+,LAN,2438562
2024.04,2024,4,LG U+,HFC,202888
2024.04,2024,4,LG U+,FTTH,2592322
2024.04,2024,4,종합유선,xDSL,7002
2024.04,2024,4,종합유선,LAN,795393
2024.04,2024,4,종합유선,HFC,1060595
2024.04,2024,4,종합유선,FTTH,324684
2024.04,2024,4,기타,xDSL,8
2024.04,2024,4,기타,LAN,8696
2024.04,2024,4,기타,HFC,1431
2024.04,2024,4,기타,FTTH,3247
2024.05,2024,5,합계,xDSL,339287
2024.05,2024,5,합계,LAN,10463519
2024.05,2024,5,합계,HFC,2098546
2024.05,2024,5,합계,FTTH,11490127
2024.05,2024,5,KT,xDSL,227689
2024.05,2024,5,KT,LAN,3434518
2024.05,2024,5,KT,HFC,0
2024.05,2024,5,KT,FTTH,6224269
2024.05,2024,5,SK브로드밴드,xDSL,44360
2024.05,2024,5,SK브로드밴드,LAN,1802167
2024.05,2024,5,SK브로드밴드,HFC,598231
2024.05,2024,5,SK브로드밴드,FTTH,1112362
2024.05,2024,5,SKT(재판매),xDSL,60504
2024.05,2024,5,SKT(재판매),LAN,1975178
2024.05,2024,5,SKT(재판매),HFC,225454
2024.05,2024,5,SKT(재판매),FTTH,1210755
2024.05,2024,5,LG U+,xDSL,0
2024.05,2024,5,LG U+,LAN,2445795
2024.05,2024,5,LG U+,HFC,196491
2024.05,2024,5,LG U+,FTTH,2610779
2024.05,2024,5,종합유선,xDSL,6726
2024.05,2024,5,종합유선,LAN,797135
2024.05,2024,5,종합유선,HFC,1076941
2024.05,2024,5,종합유선,FTTH,328712
2024.05,2024,5,기타,xDSL,8
2024.05,2024,5,기타,LAN,8726
2024.05,2024,5,기타,HFC,1429
2024.05,2024,5,기타,FTTH,3250
2024.06,2024,6,합계,xDSL,335457
2024.06,2024,6,합계,LAN,10486226
2024.06,2024,6,합계,HFC,2116768
2024.06,2024,6,합계,FTTH,11540829
2024.06,2024,6,KT,xDSL,225028
2024.06,2024,6,KT,LAN,3436379
2024.06,2024,6,KT,HFC,0
2024.06,2024,6,KT,FTTH,6237347
2024.06,2024,6,SK브로드밴드,xDSL,44092
2024.06,2024,6,SK브로드밴드,LAN,1809082
2024.06,2024,6,SK브로드밴드,HFC,592627
2024.06,2024,6,SK브로드밴드,FTTH,1121356
2024.06,2024,6,SKT(재판매),xDSL,59944
2024.06,2024,6,SKT(재판매),LAN,1980373
2024.06,2024,6,SKT(재판매),HFC,222660
2024.06,2024,6,SKT(재판매),FTTH,1217848
2024.06,2024,6,LG U+,xDSL,0
2024.06,2024,6,LG U+,LAN,2451305
2024.06,2024,6,LG U+,HFC,190591
2024.06,2024,6,LG U+,FTTH,2627343
2024.06,2024,6,종합유선,xDSL,6385
2024.06,2024,6,종합유선,LAN,800594
2024.06,2024,6,종합유선,HFC,1109538
2024.06,2024,6,종합유선,FTTH,333670
2024.06,2024,6,기타,xDSL,8
2024.06,2024,6,기타,LAN,8493
2024.06,2024,6,기타,HFC,1352
2024.06,2024,6,기타,FTTH,3265
2024.07,2024,7,합계,xDSL,330999
2024.07,2024,7,합계,LAN,10506191
2024.07,2024,7,합계,HFC,2083238
2024.07,2024,7,합계,FTTH,11585062
2024.07,2024,7,KT,xDSL,221852
2024.07,2024,7,KT,LAN,3437036
2024.07,2024,7,KT,HFC,0
2024.07,2024,7,KT,FTTH,6248070
2024.07,2024,7,SK브로드밴드,xDSL,43797
2024.07,2024,7,SK브로드밴드,LAN,1817060
2024.07,2024,7,SK브로드밴드,HFC,588353
2024.07,2024,7,SK브로드밴드,FTTH,1130247
2024.07,2024,7,SKT(재판매),xDSL,59335
2024.07,2024,7,SKT(재판매),LAN,1985687
2024.07,2024,7,SKT(재판매),HFC,220747
2024.07,2024,7,SKT(재판매),FTTH,1225236
2024.07,2024,7,LG U+,xDSL,0
2024.07,2024,7,LG U+,LAN,2455527
2024.07,2024,7,LG U+,HFC,185433
2024.07,2024,7,LG U+,FTTH,2642716
2024.07,2024,7,종합유선,xDSL,6007
2024.07,2024,7,종합유선,LAN,802342
2024.07,2024,7,종합유선,HFC,1087385
2024.07,2024,7,종합유선,FTTH,335517
2024.07,2024,7,기타,xDSL,8
2024.07,2024,7,기타,LAN,8539
2024.07,2024,7,기타,HFC,1320
2024.07,2024,7,기타,FTTH,3276
2024.08,2024,8,합계,xDSL,326851
2024.08,2024,8,합계,LAN,10531904
2024.08,2024,8,합계,HFC,2068517
2024.08,2024,8,합계,FTTH,11626927
2024.08,2024,8,KT,xDSL,218942
2024.08,2024,8,KT,LAN,3440798
2024.08,2024,8,KT,HFC,0
2024.08,2024,8,KT,FTTH,6258637
2024.08,2024,8,SK브로드밴드,xDSL,43522
2024.08,2024,8,SK브로드밴드,LAN,1825183
2024.08,2024,8,SK브로드밴드,HFC,583996
2024.08,2024,8,SK브로드밴드,FTTH,1139052
2024.08,2024,8,SKT(재판매),xDSL,58754
2024.08,2024,8,SKT(재판매),LAN,1991255
2024.08,2024,8,SKT(재판매),HFC,219307
2024.08,2024,8,SKT(재판매),FTTH,1231875
2024.08,2024,8,LG U+,xDSL,0
2024.08,2024,8,LG U+,LAN,2461903
2024.08,2024,8,LG U+,HFC,182066
2024.08,2024,8,LG U+,FTTH,2656601
2024.08,2024,8,종합유선,xDSL,5625
2024.08,2024,8,종합유선,LAN,804212
2024.08,2024,8,종합유선,HFC,1081841
2024.08,2024,8,종합유선,FTTH,337483
2024.08,2024,8,기타,xDSL,8
2024.08,2024,8,기타,LAN,8553
2024.08,2024,8,기타,HFC,1307
2024.08,2024,8,기타,FTTH,3279
2024.09,2024,9,합계,xDSL,323176
2024.09,2024,9,합계,LAN,10554171
2024.09,2024,9,합계,HFC,2066170
2024.09,2024,9,합계,FTTH,11662324
2024.09,2024,9,KT,xDSL,216335
2024.09,2024,9,KT,LAN,3443954
2024.09,2024,9,KT,HFC,0
2024.09,2024,9,KT,FTTH,6267705
2024.09,2024,9,SK브로드밴드,xDSL,43380
2024.09,2024,9,SK브로드밴드,LAN,1833186
2024.09,2024,9,SK브로드밴드,HFC,580441
2024.09,2024,9,SK브로드밴드,FTTH,1146216
2024.09,2024,9,SKT(재판매),xDSL,58223
2024.09,2024,9,SKT(재판매),LAN,1996374
2024.09,2024,9,SKT(재판매),HFC,218214
2024.09,2024,9,SKT(재판매),FTTH,1236943
2024.09,2024,9,LG U+,xDSL,0
2024.09,2024,9,LG U+,LAN,2466264
2024.09,2024,9,LG U+,HFC,179162
2024.09,2024,9,LG U+,FTTH,2667830
2024.09,2024,9,종합유선,xDSL,5230
2024.09,2024,9,종합유선,LAN,805872
2024.09,2024,9,종합유선,HFC,1087046
2024.09,2024,9,종합유선,FTTH,340360
2024.09,2024,9,기타,xDSL,8
2024.09,2024,9,기타,LAN,8521
2024.09,2024,9,기타,HFC,1307
2024.09,2024,9,기타,FTTH,3270
2024.10,2024,10,합계,xDSL,319156
2024.10,2024,10,합계,LAN,10574011
2024.10,2024,10,합계,HFC,2053131
2024.10,2024,10,합계,FTTH,11701948
2024.10,2024,10,KT,xDSL,213509
2024.10,2024,10,KT,LAN,3446662
2024.10,2024,10,KT,HFC,0
2024.10,2024,10,KT,FTTH,6278311
2024.10,2024,10,SK브로드밴드,xDSL,43071
2024.10,2024,10,SK브로드밴드,LAN,1838910
2024.10,2024,10,SK브로드밴드,HFC,576299
2024.10,2024,10,SK브로드밴드,FTTH,1153161
2024.10,2024,10,SKT(재판매),xDSL,57617
2024.10,2024,10,SKT(재판매),LAN,2001311
2024.10,2024,10,SKT(재판매),HFC,216876
2024.10,2024,10,SKT(재판매),FTTH,1243158
2024.10,2024,10,LG U+,xDSL,0
2024.10,2024,10,LG U+,LAN,2470440
2024.10,2024,10,LG U+,HFC,176670
2024.10,2024,10,LG U+,FTTH,2680872
2024.10,2024,10,종합유선,xDSL,4951
2024.10,2024,10,종합유선,LAN,808142
2024.10,2024,10,종합유선,HFC,1081979
2024.10,2024,10,종합유선,FTTH,343191
2024.10,2024,10,기타,xDSL,8
2024.10,2024,10,기타,LAN,8546
2024.10,2024,10,기타,HFC,1307
2024.10,2024,10,기타,FTTH,3255
2024.11,2024,11,합계,xDSL,315968
2024.11,2024,11,합계,LAN,10594357
2024.11,2024,11,합계,HFC,2041793
2024.11,2024,11,합계,FTTH,11738607
2024.11,2024,11,KT,xDSL,211597
2024.11,2024,11,KT,LAN,3449484
2024.11,2024,11,KT,HFC,0
2024.11,2024,11,KT,FTTH,6287839
2024.11,2024,11,SK브로드밴드,xDSL,42769
2024.11,2024,11,SK브로드밴드,LAN,1843840
2024.11,2024,11,SK브로드밴드,HFC,572128
2024.11,2024,11,SK브로드밴드,FTTH,1159477
2024.11,2024,11,SKT(재판매),xDSL,56955
2024.11,2024,11,SKT(재판매),LAN,2006245
2024.11,2024,11,SKT(재판매),HFC,215545
2024.11,2024,11,SKT(재판매),FTTH,1249013
2024.11,2024,11,LG U+,xDSL,0
2024.11,2024,11,LG U+,LAN,2475154
2024.11,2024,11,LG U+,HFC,173475
2024.11,2024,11,LG U+,FTTH,2693096
2024.11,2024,11,종합유선,xDSL,4640
2024.11,2024,11,종합유선,LAN,810889
2024.11,2024,11,종합유선,HFC,1079338
2024.11,2024,11,종합유선,FTTH,345926
2024.11,2024,11,기타,xDSL,7
2024.11,2024,11,기타,LAN,8745
2024.11,2024,11,기타,HFC,1307
2024.11,2024,11,기타,FTTH,3256
2024.12,2024,12,합계,xDSL,313046
2024.12,2024,12,합계,LAN,10609719
2024.12,2024,12,합계,HFC,2027593
2024.12,2024,12,합계,FTTH,11771424
2024.12,2024,12,KT,xDSL,209884
2024.12,2024,12,KT,LAN,3451826
2024.12,2024,12,KT,HFC,0
2024.12,2024,12,KT,FTTH,6294638
2024.12,2024,12,SK브로드밴드,xDSL,42392
2024.12,2024,12,SK브로드밴드,LAN,1847545
2024.12,2024,12,SK브로드밴드,HFC,565137
2024.12,2024,12,SK브로드밴드,FTTH,1165303
2024.12,2024,12,SKT(재판매),xDSL,56390
2024.12,2024,12,SKT(재판매),LAN,2010759
2024.12,2024,12,SKT(재판매),HFC,214324
2024.12,2024,12,SKT(재판매),FTTH,1254552
2024.12,2024,12,LG U+,xDSL,0
2024.12,2024,12,LG U+,LAN,2478329
2024.12,2024,12,LG U+,HFC,169758
2024.12,2024,12,LG U+,FTTH,2705381
2024.12,2024,12,종합유선,xDSL,4373
2024.12,2024,12,종합유선,LAN,812475
2024.12,2024,12,종합유선,HFC,1077160
2024.12,2024,12,종합유선,FTTH,348280
2024.12,2024,12,기타,xDSL,7
2024.12,2024,12,기타,LAN,8785
2024.12,2024,12,기타,HFC,1214
2024.12,2024,12,기타,FTTH,3270
2025.01,2025,1,합계,xDSL,311617
2025.01,2025,1,합계,LAN,10630516
2025.01,2025,1,합계,HFC,2019597
2025.01,2025,1,합계,FTTH,11800762
2025.01,2025,1,KT,xDSL,208491
2025.01,2025,1,KT,LAN,3453504
2025.01,2025,1,KT,HFC,0
2025.01,2025,1,KT,FTTH,6299072
2025.01,2025,1,SK브로드밴드,xDSL,42131
2025.01,2025,1,SK브로드밴드,LAN,1853935
2025.01,2025,1,SK브로드밴드,HFC,561558
2025.01,2025,1,SK브로드밴드,FTTH,1172078
2025.01,2025,1,SKT(재판매),xDSL,55963
2025.01,2025,1,SKT(재판매),LAN,2016218
2025.01,2025,1,SKT(재판매),HFC,213382
2025.01,2025,1,SKT(재판매),FTTH,1260549
2025.01,2025,1,LG U+,xDSL,0
2025.01,2025,1,LG U+,LAN,2483234
2025.01,2025,1,LG U+,HFC,166989
2025.01,2025,1,LG U+,FTTH,2715173
2025.01,2025,1,종합유선,xDSL,4019
2025.01,2025,1,종합유선,LAN,814709
2025.01,2025,1,종합유선,HFC,1076454
2025.01,2025,1,종합유선,FTTH,350623
2025.01,2025,1,기타,xDSL,1013
2025.01,2025,1,기타,LAN,8916
2025.01,2025,1,기타,HFC,1214
2025.01,2025,1,기타,FTTH,3267
2025.02,2025,2,합계,xDSL,309361
2025.02,2025,2,합계,LAN,10654443
2025.02,2025,2,합계,HFC,2006392
2025.02,2025,2,합계,FTTH,11839120
2025.02,2025,2,KT,xDSL,207121
2025.02,2025,2,KT,LAN,3457823
2025.02,2025,2,KT,HFC,0
2025.02,2025,2,KT,FTTH,6306697
2025.02,2025,2,SK브로드밴드,xDSL,42028
2025.02,2025,2,SK브로드밴드,LAN,1860831
2025.02,2025,2,SK브로드밴드,HFC,557879
2025.02,2025,2,SK브로드밴드,FTTH,1180298
2025.02,2025,2,SKT(재판매),xDSL,55363
2025.02,2025,2,SKT(재판매),LAN,2021384
2025.02,2025,2,SKT(재판매),HFC,212239
2025.02,2025,2,SKT(재판매),FTTH,1267308
2025.02,2025,2,LG U+,xDSL,0
2025.02,2025,2,LG U+,LAN,2488275
2025.02,2025,2,LG U+,HFC,163129
2025.02,2025,2,LG U+,FTTH,2728217
2025.02,2025,2,종합유선,xDSL,3843
2025.02,2025,2,종합유선,LAN,817108
2025.02,2025,2,종합유선,HFC,1071931
2025.02,2025,2,종합유선,FTTH,353308
2025.02,2025,2,기타,xDSL,1006
2025.02,2025,2,기타,LAN,9022
2025.02,2025,2,기타,HFC,1214
2025.02,2025,2,기타,FTTH,3292
2025.03,2025,3,합계,xDSL,311136
2025.03,2025,3,합계,LAN,10678579
2025.03,2025,3,합계,HFC,1988686
2025.03,2025,3,합계,FTTH,11879197
2025.03,2025,3,KT,xDSL,205564
2025.03,2025,3,KT,LAN,3462992
2025.03,2025,3,KT,HFC,0
2025.03,2025,3,KT,FTTH,6315632
2025.03,2025,3,SK브로드밴드,xDSL,41795
2025.03,2025,3,SK브로드밴드,LAN,1864147
2025.03,2025,3,SK브로드밴드,HFC,553849
2025.03,2025,3,SK브로드밴드,FTTH,1188429
2025.03,2025,3,SKT(재판매),xDSL,54872
2025.03,2025,3,SKT(재판매),LAN,2027163
2025.03,2025,3,SKT(재판매),HFC,210655
2025.03,2025,3,SKT(재판매),FTTH,1274205
2025.03,2025,3,LG U+,xDSL,0
2025.03,2025,3,LG U+,LAN,2494921
2025.03,2025,3,LG U+,HFC,158888
2025.03,2025,3,LG U+,FTTH,2741997
2025.03,2025,3,종합유선,xDSL,7905
2025.03,2025,3,종합유선,LAN,820381
2025.03,2025,3,종합유선,HFC,1064080
2025.03,2025,3,종합유선,FTTH,355630
2025.03,2025,3,기타,xDSL,1000
2025.03,2025,3,기타,LAN,8975
2025.03,2025,3,기타,HFC,1214
2025.03,2025,3,기타,FTTH,3304
2025.04,2025,4,합계,xDSL,304409
2025.04,2025,4,합계,LAN,10703509
2025.04,2025,4,합계,HFC,1973242
2025.04,2025,4,합계,FTTH,11925539
2025.04,2025,4,KT,xDSL,203786
2025.04,2025,4,KT,LAN,3467480
2025.04,2025,4,KT,HFC,0
2025.04,2025,4,KT,FTTH,6326269
2025.04,2025,4,SK브로드밴드,xDSL,41528
2025.04,2025,4,SK브로드밴드,LAN,1870464
2025.04,2025,4,SK브로드밴드,HFC,547929
2025.04,2025,4,SK브로드밴드,FTTH,1197131
2025.04,2025,4,SKT(재판매),xDSL,54354
2025.04,2025,4,SKT(재판매),LAN,2032157
2025.04,2025,4,SKT(재판매),HFC,207435
2025.04,2025,4,SKT(재판매),FTTH,1282118
2025.04,2025,4,LG U+,xDSL,0
2025.04,2025,4,LG U+,LAN,2500793
2025.04,2025,4,LG U+,HFC,153687
2025.04,2025,4,LG U+,FTTH,2758750
2025.04,2025,4,종합유선,xDSL,3738
2025.04,2025,4,종합유선,LAN,823627
2025.04,2025,4,종합유선,HFC,1062977
2025.04,2025,4,종합유선,FTTH,357964
2025.04,2025,4,기타,xDSL,1003
2025.04,2025,4,기타,LAN,8988
2025.04,2025,4,기타,HFC,1214
2025.04,2025,4,기타,FTTH,3307
2025.05,2025,5,합계,xDSL,305539
2025.05,2025,5,합계,LAN,10723785
2025.05,2025,5,합계,HFC,1948884
2025.05,2025,5,합계,FTTH,11975779
2025.05,2025,5,KT,xDSL,202434
2025.05,2025,5,KT,LAN,3489186
2025.05,2025,5,KT,HFC,0
2025.05,2025,5,KT,FTTH,6354993
2025.05,2025,5,SK브로드밴드,xDSL,41065
2025.05,2025,5,SK브로드밴드,LAN,1865543
2025.05,2025,5,SK브로드밴드,HFC,540830
2025.05,2025,5,SK브로드밴드,FTTH,1199766
2025.05,2025,5,SKT(재판매),xDSL,53268
2025.05,2025,5,SKT(재판매),LAN,2012837
2025.05,2025,5,SKT(재판매),HFC,201367
2025.05,2025,5,SKT(재판매),FTTH,1275029
2025.05,2025,5,LG U+,xDSL,0
2025.05,2025,5,LG U+,LAN,2521039
2025.05,2025,5,LG U+,HFC,151082
2025.05,2025,5,LG U+,FTTH,2783103
2025.05,2025,5,종합유선,xDSL,7769
2025.05,2025,5,종합유선,LAN,826158
2025.05,2025,5,종합유선,HFC,1054394
2025.05,2025,5,종합유선,FTTH,359628
2025.05,2025,5,기타,xDSL,1003
2025.05,2025,5,기타,LAN,9022
2025.05,2025,5,기타,HFC,1211
2025.05,2025,5,기타,FTTH,3260
2025.06,2025,6,합계,xDSL,298677
2025.06,2025,6,합계,LAN,10737853
2025.06,2025,6,합계,HFC,1935808
2025.06,2025,6,합계,FTTH,12015154
2025.06,2025,6,KT,xDSL,200983
2025.06,2025,6,KT,LAN,3499688
2025.06,2025,6,KT,HFC,0
2025.06,2025,6,KT,FTTH,6372595
2025.06,2025,6,SK브로드밴드,xDSL,40657
2025.06,2025,6,SK브로드밴드,LAN,1865833
2025.06,2025,6,SK브로드밴드,HFC,534695
2025.06,2025,6,SK브로드밴드,FTTH,1204320
2025.06,2025,6,SKT(재판매),xDSL,52398
2025.06,2025,6,SKT(재판매),LAN,2004209
2025.06,2025,6,SKT(재판매),HFC,197021
2025.06,2025,6,SKT(재판매),FTTH,1273715
2025.06,2025,6,LG U+,xDSL,0
2025.06,2025,6,LG U+,LAN,2530888
2025.06,2025,6,LG U+,HFC,148091
2025.06,2025,6,LG U+,FTTH,2800519
2025.06,2025,6,종합유선,xDSL,3643
2025.06,2025,6,종합유선,LAN,828135
2025.06,2025,6,종합유선,HFC,1054791
2025.06,2025,6,종합유선,FTTH,360742
2025.06,2025,6,기타,xDSL,996
2025.06,2025,6,기타,LAN,9100
2025.06,2025,6,기타,HFC,1210
2025.06,2025,6,기타,FTTH,3263
2025.07,2025,7,합계,xDSL,295444
2025.07,2025,7,합계,LAN,10758270
2025.07,2025,7,합계,HFC,1917977
2025.07,2025,7,합계,FTTH,12064280
2025.07,2025,7,KT,xDSL,199369
2025.07,2025,7,KT,LAN,3509992
2025.07,2025,7,KT,HFC,0
2025.07,2025,7,KT,FTTH,6392301
2025.07,2025,7,SK브로드밴드,xDSL,40129
2025.07,2025,7,SK브로드밴드,LAN,1866249
2025.07,2025,7,SK브로드밴드,HFC,529290
2025.07,2025,7,SK브로드밴드,FTTH,1209408
2025.07,2025,7,SKT(재판매),xDSL,51378
2025.07,2025,7,SKT(재판매),LAN,2000030
2025.07,2025,7,SKT(재판매),HFC,194037
2025.07,2025,7,SKT(재판매),FTTH,1276502
2025.07,2025,7,LG U+,xDSL,0
2025.07,2025,7,LG U+,LAN,2542827
2025.07,2025,7,LG U+,HFC,144866
2025.07,2025,7,LG U+,FTTH,2820188
2025.07,2025,7,종합유선,xDSL,3585
2025.07,2025,7,종합유선,LAN,830419
2025.07,2025,7,종합유선,HFC,1048574
2025.07,2025,7,종합유선,FTTH,362633
2025.07,2025,7,기타,xDSL,983
2025.07,2025,7,기타,LAN,8753
2025.07,2025,7,기타,HFC,1210
2025.07,2025,7,기타,FTTH,3248
2025.08,2025,8,합계,xDSL,292962
2025.08,2025,8,합계,LAN,10777172
2025.08,2025,8,합계,HFC,1903613
2025.08,2025,8,합계,FTTH,12106471
2025.08,2025,8,KT,xDSL,197792
2025.08,2025,8,KT,LAN,3515272
2025.08,2025,8,KT,HFC,0
2025.08,2025,8,KT,FTTH,6406374
2025.08,2025,8,SK브로드밴드,xDSL,39819
2025.08,2025,8,SK브로드밴드,LAN,1868810
2025.08,2025,8,SK브로드밴드,HFC,524789
2025.08,2025,8,SK브로드밴드,FTTH,1216045
2025.08,2025,8,SKT(재판매),xDSL,50844
2025.08,2025,8,SKT(재판매),LAN,2004134
2025.08,2025,8,SKT(재판매),HFC,192236
2025.08,2025,8,SKT(재판매),FTTH,1283397
2025.08,2025,8,LG U+,xDSL,0
2025.08,2025,8,LG U+,LAN,2548304
2025.08,2025,8,LG U+,HFC,141759
2025.08,2025,8,LG U+,FTTH,2833362
2025.08,2025,8,종합유선,xDSL,3535
2025.08,2025,8,종합유선,LAN,831500
2025.08,2025,8,종합유선,HFC,1043619
2025.08,2025,8,종합유선,FTTH,364045
2025.08,2025,8,기타,xDSL,972
2025.08,2025,8,기타,LAN,9152
2025.08,2025,8,기타,HFC,1210
2025.08,2025,8,기타,FTTH,3248
2025.09,2025,9,합계,xDSL,290535
2025.09,2025,9,합계,LAN,10798132
2025.09,2025,9,합계,HFC,1888741
2025.09,2025,9,합계,FTTH,12151364
2025.09,2025,9,KT,xDSL,196099
2025.09,2025,9,KT,LAN,3519965
2025.09,2025,9,KT,HFC,0
2025.09,2025,9,KT,FTTH,6418875
2025.09,2025,9,SK브로드밴드,xDSL,39766
2025.09,2025,9,SK브로드밴드,LAN,1872880
2025.09,2025,9,SK브로드밴드,HFC,520386
2025.09,2025,9,SK브로드밴드,FTTH,1224621
2025.09,2025,9,SKT(재판매),xDSL,50224
2025.09,2025,9,SKT(재판매),LAN,2008566
2025.09,2025,9,SKT(재판매),HFC,190031
2025.09,2025,9,SKT(재판매),FTTH,1289791
2025.09,2025,9,LG U+,xDSL,0
2025.09,2025,9,LG U+,LAN,2554951
2025.09,2025,9,LG U+,HFC,137382
2025.09,2025,9,LG U+,FTTH,2848931
2025.09,2025,9,종합유선,xDSL,3490
2025.09,2025,9,종합유선,LAN,833544
2025.09,2025,9,종합유선,HFC,1039732
2025.09,2025,9,종합유선,FTTH,365898
2025.09,2025,9,기타,xDSL,956
2025.09,2025,9,기타,LAN,8226
2025.09,2025,9,기타,HFC,1210
2025.09,2025,9,기타,FTTH,3248
2025.10,2025,10,합계,xDSL,288731
2025.10,2025,10,합계,LAN,10815484
2025.10,2025,10,합계,HFC,1875328
2025.10,2025,10,합계,FTTH,12183379
2025.10,2025,10,KT,xDSL,194998
2025.10,2025,10,KT,LAN,3522718
2025.10,2025,10,KT,HFC,0
2025.10,2025,10,KT,FTTH,6426798
2025.10,2025,10,SK브로드밴드,xDSL,39535
2025.10,2025,10,SK브로드밴드,LAN,1878747
2025.10,2025,10,SK브로드밴드,HFC,516861
2025.10,2025,10,SK브로드밴드,FTTH,1231774
2025.10,2025,10,SKT(재판매),xDSL,49803
2025.10,2025,10,SKT(재판매),LAN,2011326
2025.10,2025,10,SKT(재판매),HFC,188497
2025.10,2025,10,SKT(재판매),FTTH,1293750
2025.10,2025,10,LG U+,xDSL,0
2025.10,2025,10,LG U+,LAN,2559655
2025.10,2025,10,LG U+,HFC,134322
2025.10,2025,10,LG U+,FTTH,2860369
2025.10,2025,10,종합유선,xDSL,3447
2025.10,2025,10,종합유선,LAN,834596
2025.10,2025,10,종합유선,HFC,1034438
2025.10,2025,10,종합유선,FTTH,367432
2025.10,2025,10,기타,xDSL,948
2025.10,2025,10,기타,LAN,8442
2025.10,2025,10,기타,HFC,1210
2025.10,2025,10,기타,FTTH,3256
2025.11,2025,11,합계,xDSL,286598
2025.11,2025,11,합계,LAN,10831003
2025.11,2025,11,합계,HFC,1861092
2025.11,2025,11,합계,FTTH,12222976
2025.11,2025,11,KT,xDSL,193762
2025.11,2025,11,KT,LAN,3525835
2025.11,2025,11,KT,HFC,0
2025.11,2025,11,KT,FTTH,6438872
2025.11,2025,11,SK브로드밴드,xDSL,39238
2025.11,2025,11,SK브로드밴드,LAN,1882491
2025.11,2025,11,SK브로드밴드,HFC,513195
2025.11,2025,11,SK브로드밴드,FTTH,1238470
2025.11,2025,11,SKT(재판매),xDSL,49264
2025.11,2025,11,SKT(재판매),LAN,2015071
2025.11,2025,11,SKT(재판매),HFC,187383
2025.11,2025,11,SKT(재판매),FTTH,1299181
2025.11,2025,11,LG U+,xDSL,0
2025.11,2025,11,LG U+,LAN,2563491
2025.11,2025,11,LG U+,HFC,130999
2025.11,2025,11,LG U+,FTTH,2873631
2025.11,2025,11,종합유선,xDSL,3389
2025.11,2025,11,종합유선,LAN,835519
2025.11,2025,11,종합유선,HFC,1028305
2025.11,2025,11,종합유선,FTTH,369572
2025.11,2025,11,기타,xDSL,945
2025.11,2025,11,기타,LAN,8596
2025.11,2025,11,기타,HFC,1210
2025.11,2025,11,기타,FTTH,3250
2025.12,2025,12,합계,xDSL,284344
2025.12,2025,12,합계,LAN,10841049
2025.12,2025,12,합계,HFC,1848466
2025.12,2025,12,합계,FTTH,12259952
2025.12,2025,12,KT,xDSL,192279
2025.12,2025,12,KT,LAN,3527155
2025.12,2025,12,KT,HFC,0
2025.12,2025,12,KT,FTTH,6450656
2025.12,2025,12,SK브로드밴드,xDSL,39071
2025.12,2025,12,SK브로드밴드,LAN,1886205
2025.12,2025,12,SK브로드밴드,HFC,509190
2025.12,2025,12,SK브로드밴드,FTTH,1245907
2025.12,2025,12,SKT(재판매),xDSL,48694
2025.12,2025,12,SKT(재판매),LAN,2018716
2025.12,2025,12,SKT(재판매),HFC,186379
2025.12,2025,12,SKT(재판매),FTTH,1304165
2025.12,2025,12,LG U+,xDSL,0
2025.12,2025,12,LG U+,LAN,2565111
2025.12,2025,12,LG U+,HFC,127732
2025.12,2025,12,LG U+,FTTH,2884719
2025.12,2025,12,종합유선,xDSL,3342
2025.12,2025,12,종합유선,LAN,835364
2025.12,2025,12,종합유선,HFC,1023956
2025.12,2025,12,종합유선,FTTH,371113
2025.12,2025,12,기타,xDSL,958
2025.12,2025,12,기타,LAN,8498
2025.12,2025,12,기타,HFC,1209
2025.12,2025,12,기타,FTTH,3392
2026.01,2026,1,합계,xDSL,281843
2026.01,2026,1,합계,LAN,10869873
2026.01,2026,1,합계,HFC,1837729
2026.01,2026,1,합계,FTTH,12305473
2026.01,2026,1,KT,xDSL,190574
2026.01,2026,1,KT,LAN,3517223
2026.01,2026,1,KT,HFC,0
2026.01,2026,1,KT,FTTH,6451519
2026.01,2026,1,SK브로드밴드,xDSL,38774
2026.01,2026,1,SK브로드밴드,LAN,1890834
2026.01,2026,1,SK브로드밴드,HFC,505456
2026.01,2026,1,SK브로드밴드,FTTH,1253526
2026.01,2026,1,SKT(재판매),xDSL,48238
2026.01,2026,1,SKT(재판매),LAN,2037924
2026.01,2026,1,SKT(재판매),HFC,186034
2026.01,2026,1,SKT(재판매),FTTH,1319819
2026.01,2026,1,LG U+,xDSL,0
2026.01,2026,1,LG U+,LAN,2580296
2026.01,2026,1,LG U+,HFC,126513
2026.01,2026,1,LG U+,FTTH,2904499
2026.01,2026,1,종합유선,xDSL,3291
2026.01,2026,1,종합유선,LAN,834346
2026.01,2026,1,종합유선,HFC,1018517
2026.01,2026,1,종합유선,FTTH,372488
2026.01,2026,1,기타,xDSL,966
2026.01,2026,1,기타,LAN,9250
2026.01,2026,1,기타,HFC,1209
2026.01,2026,1,기타,FTTH,3622
2026.02,2026,2,합계,xDSL,279835
2026.02,2026,2,합계,LAN,10886227
2026.02,2026,2,합계,HFC,1828459
2026.02,2026,2,합계,FTTH,12337328
2026.02,2026,2,KT,xDSL,189334
2026.02,2026,2,KT,LAN,3518520
2026.02,2026,2,KT,HFC,0
2026.02,2026,2,KT,FTTH,6460519
2026.02,2026,2,SK브로드밴드,xDSL,38515
2026.02,2026,2,SK브로드밴드,LAN,1894889
2026.02,2026,2,SK브로드밴드,HFC,502217
2026.02,2026,2,SK브로드밴드,FTTH,1259437
2026.02,2026,2,SKT(재판매),xDSL,47788
2026.02,2026,2,SKT(재판매),LAN,2042563
2026.02,2026,2,SKT(재판매),HFC,184886
2026.02,2026,2,SKT(재판매),FTTH,1325011
2026.02,2026,2,LG U+,xDSL,0
2026.02,2026,2,LG U+,LAN,2586701
2026.02,2026,2,LG U+,HFC,125176
2026.02,2026,2,LG U+,FTTH,2914903
2026.02,2026,2,종합유선,xDSL,3241
2026.02,2026,2,종합유선,LAN,835065
2026.02,2026,2,종합유선,HFC,1014858
2026.02,2026,2,종합유선,FTTH,373810
2026.02,2026,2,기타,xDSL,957
2026.02,2026,2,기타,LAN,8489
2026.02,2026,2,기타,HFC,1322
2026.02,2026,2,기타,FTTH,3648
2026.03,2026,3,합계,xDSL,277482
2026.03,2026,3,합계,LAN,10906158
2026.03,2026,3,합계,HFC,1815733
2026.03,2026,3,합계,FTTH,12379348
2026.03,2026,3,KT,xDSL,187814
2026.03,2026,3,KT,LAN,3523510
2026.03,2026,3,KT,HFC,0
2026.03,2026,3,KT,FTTH,6476511
2026.03,2026,3,SK브로드밴드,xDSL,38266
2026.03,2026,3,SK브로드밴드,LAN,1899946
2026.03,2026,3,SK브로드밴드,HFC,497915
2026.03,2026,3,SK브로드밴드,FTTH,1267693
2026.03,2026,3,SKT(재판매),xDSL,47241
2026.03,2026,3,SKT(재판매),LAN,2046580
2026.03,2026,3,SKT(재판매),HFC,182553
2026.03,2026,3,SKT(재판매),FTTH,1331105
2026.03,2026,3,LG U+,xDSL,0
2026.03,2026,3,LG U+,LAN,2591013
2026.03,2026,3,LG U+,HFC,123358
2026.03,2026,3,LG U+,FTTH,2925367
2026.03,2026,3,종합유선,xDSL,3204
2026.03,2026,3,종합유선,LAN,836581
2026.03,2026,3,종합유선,HFC,1010585
2026.03,2026,3,종합유선,FTTH,374994
2026.03,2026,3,기타,xDSL,957
2026.03,2026,3,기타,LAN,8528
2026.03,2026,3,기타,HFC,1322
2026.03,2026,3,기타,FTTH,3678
2026.04,2026,4,합계,xDSL,274756
2026.04,2026,4,합계,LAN,10920374
2026.04,2026,4,합계,HFC,1799083
2026.04,2026,4,합계,FTTH,12423316
2026.04,2026,4,KT,xDSL,186115
2026.04,2026,4,KT,LAN,3526267
2026.04,2026,4,KT,HFC,0
2026.04,2026,4,KT,FTTH,6492184
2026.04,2026,4,SK브로드밴드,xDSL,37918
2026.04,2026,4,SK브로드밴드,LAN,1904023
2026.04,2026,4,SK브로드밴드,HFC,492609
2026.04,2026,4,SK브로드밴드,FTTH,1276000
2026.04,2026,4,SKT(재판매),xDSL,46624
2026.04,2026,4,SKT(재판매),LAN,2049155
2026.04,2026,4,SKT(재판매),HFC,179437
2026.04,2026,4,SKT(재판매),FTTH,1337312
2026.04,2026,4,LG U+,xDSL,0
2026.04,2026,4,LG U+,LAN,2594686
2026.04,2026,4,LG U+,HFC,120704
2026.04,2026,4,LG U+,FTTH,2937772
2026.04,2026,4,종합유선,xDSL,3154
2026.04,2026,4,종합유선,LAN,837629
2026.04,2026,4,종합유선,HFC,1005069
2026.04,2026,4,종합유선,FTTH,376329
2026.04,2026,4,기타,xDSL,945
2026.04,2026,4,기타,LAN,8614
2026.04,2026,4,기타,HFC,1264
2026.04,2026,4,기타,FTTH,3719
2026.05,2026,5,합계,xDSL,272602
2026.05,2026,5,합계,LAN,10933910
2026.05,2026,5,합계,HFC,1786725
2026.05,2026,5,합계,FTTH,12459521
2026.05,2026,5,KT,xDSL,184612
2026.05,2026,5,KT,LAN,3528905
2026.05,2026,5,KT,HFC,0
2026.05,2026,5,KT,FTTH,6504858
2026.05,2026,5,SK브로드밴드,xDSL,37814
2026.05,2026,5,SK브로드밴드,LAN,1908534
2026.05,2026,5,SK브로드밴드,HFC,488291
2026.05,2026,5,SK브로드밴드,FTTH,1283093
2026.05,2026,5,SKT(재판매),xDSL,46101
2026.05,2026,5,SKT(재판매),LAN,2052099
2026.05,2026,5,SKT(재판매),HFC,177308
2026.05,2026,5,SKT(재판매),FTTH,1342130
2026.05,2026,5,LG U+,xDSL,0
2026.05,2026,5,LG U+,LAN,2599211
2026.05,2026,5,LG U+,HFC,118563
2026.05,2026,5,LG U+,FTTH,2948824
2026.05,2026,5,종합유선,xDSL,3130
2026.05,2026,5,종합유선,LAN,836484
2026.05,2026,5,종합유선,HFC,1001236
2026.05,2026,5,종합유선,FTTH,376931
2026.05,2026,5,기타,xDSL,945
2026.05,2026,5,기타,LAN,8677
2026.05,2026,5,기타,HFC,1327
2026.05,2026,5,기타,FTTH,3685
